DATE,SYMBOL,OPEN,HIGH,LOW,CLOSE,ADJ_CLOSE,VOLUME,CLOSE_CHANGE,CLOSE_PCT_CHANGE,DAILY_RANGE,DAILY_RANGE_PCT
2025-11-13,A,149.440002,152.095001,149.154999,149.414993,149.414993,678525,0.0,0.0,2.9400019999999927,1.9676753590585065
2025-11-13,AAPL,274.269989,276.699005,272.100006,273.404999,273.404999,26709344,0.0,0.0,4.598998999999992,1.6821195723637783
2025-11-13,ABBV,233.740005,239.289993,233.205002,236.360001,236.360001,4671491,0.0,0.0,6.084991000000002,2.5744588653982965
2025-11-13,ABNB,121.504997,123.394997,121.010696,121.495003,121.495003,1919356,0.0,0.0,2.3843010000000078,1.9624683658800417
2025-11-13,ABT,128.509995,129.589996,128.0,129.360001,129.360001,2440605,0.0,0.0,1.5899960000000135,1.2291249131947777
2025-11-13,ACGL,92.0,93.580002,91.849998,93.305,93.305,984212,0.0,0.0,1.7300039999999939,1.8541385777825343
2025-11-13,ACN,245.429993,248.580002,244.315002,247.460007,247.460007,1852900,0.0,0.0,4.265000000000015,1.7235108216900743
2025-11-13,ADBE,335.0,339.98999,333.674988,333.674988,333.674988,1705518,0.0,0.0,6.315001999999993,1.8925607933190345
2025-11-13,ADI,239.639999,241.315002,236.330002,236.960007,236.960007,2281609,0.0,0.0,4.984999999999985,2.1037305252949228
2025-11-13,ADM,57.889999,59.720001,57.849998,59.483501,59.483501,1752509,0.0,0.0,1.870003000000004,3.143733923798473
2025-11-13,ADP,252.850006,255.039993,250.649994,254.669998,254.669998,878642,0.0,0.0,4.389999000000017,1.7237990475815756
2025-11-13,ADSK,300.5,301.790009,297.079987,297.214813,297.214813,364091,0.0,0.0,4.710021999999981,1.5847198033161223
2025-11-13,AEE,105.419998,105.360001,103.985001,105.154999,105.154999,766105,0.0,0.0,1.375,1.307593564809981
2025-11-13,AEP,122.25,123.029999,121.834999,122.650002,122.650002,1126003,0.0,0.0,1.1950000000000074,0.9743171467702115
2025-11-13,AES,14.01,14.135,13.64,13.71,13.71,5077682,0.0,0.0,0.4949999999999992,3.610503282275705
2025-11-13,AFL,114.699997,115.349998,114.279999,115.25,115.25,1281364,0.0,0.0,1.0699989999999957,0.9284156182212544
2025-11-13,AIG,78.110001,79.230003,77.900002,79.099998,79.099998,1868436,0.0,0.0,1.3300009999999958,1.681417235939748
2025-11-13,AIZ,226.759995,228.559998,226.339996,228.110001,228.110001,94052,0.0,0.0,2.220001999999994,0.9732155496330007
2025-11-13,AJG,255.289993,259.450012,254.463501,257.545013,257.545013,1008570,0.0,0.0,4.986511000000007,1.936170668542515
2025-11-13,AKAM,89.970001,91.8545,89.300003,90.040001,90.040001,1606836,0.0,0.0,2.554496999999998,2.8370690488997194
2025-11-13,ALB,112.349998,119.279999,112.099998,114.099998,114.099998,5317135,0.0,0.0,7.180001000000004,6.292726665954897
2025-11-13,ALGN,140.320007,143.419998,139.419998,140.059998,140.059998,485411,0.0,0.0,4.0,2.8559189326848338
2025-11-13,ALL,209.580002,211.75,207.970001,211.410004,211.410004,808522,0.0,0.0,3.7799990000000037,1.7879943845987554
2025-11-13,ALLE,168.369995,169.449997,165.5,165.619995,165.619995,269330,0.0,0.0,3.949996999999996,2.384975920328941
2025-11-13,AMAT,227.389999,229.0,220.485001,220.940002,220.940002,5410023,0.0,0.0,8.514998999999989,3.8539870204219464
2025-11-13,AMCR,8.55,8.75,8.53,8.6555,8.6555,15444511,0.0,0.0,0.22000000000000064,2.5417364681416514
2025-11-13,AMD,251.899994,259.63089,246.059998,248.031006,248.031006,47308159,0.0,0.0,13.570892000000015,5.4714498073680415
2025-11-13,AME,196.419998,197.279999,193.867798,194.154999,194.154999,731397,0.0,0.0,3.4122010000000103,1.7574623458446261
2025-11-13,AMGN,337.809998,345.779999,336.0,339.609985,339.609985,1625470,0.0,0.0,9.779998999999975,2.8797736909884954
2025-11-13,AMP,467.920013,470.204987,462.434998,463.029999,463.029999,259859,0.0,0.0,7.76998900000001,1.6780746424164212
2025-11-13,AMT,183.020004,184.220001,181.850006,182.600006,182.600006,1413488,0.0,0.0,2.3699949999999887,1.2979161676478743
2025-11-13,AMZN,243.100006,243.729996,237.800003,238.559998,238.559998,24553665,0.0,0.0,5.929992999999996,2.4857449068221387
2025-11-13,ANET,134.429993,135.580002,129.5,130.039993,130.039993,5547501,0.0,0.0,6.0800020000000075,4.675486255985885
2025-11-13,AON,349.940002,352.850006,347.274994,350.950012,350.950012,499272,0.0,0.0,5.575012000000015,1.5885487418077122
2025-11-13,AOS,66.510002,67.220001,66.150002,66.550003,66.550003,600342,0.0,0.0,1.0699989999999957,1.6078120988213862
2025-11-13,APA,24.0,25.799999,24.0,24.59,24.59,16094411,0.0,0.0,1.7999989999999997,7.320044733631556
2025-11-13,APD,260.0,264.299988,260.0,262.545013,262.545013,506872,0.0,0.0,4.299987999999985,1.6378098181586809
2025-11-13,APH,141.179993,141.350006,134.850006,135.699997,135.699997,5617793,0.0,0.0,6.5,4.7899779983045985
2025-11-13,APO,133.5,134.718002,130.619995,131.089996,131.089996,2115468,0.0,0.0,4.098007000000024,3.1261020101030623
2025-11-13,APP,579.775024,580.427917,542.5,549.47998,549.47998,3724811,0.0,0.0,37.92791699999998,6.902511170652656
2025-11-13,APTV,82.720001,83.559998,81.260002,81.445,81.445,737457,0.0,0.0,2.299995999999993,2.8239867395174576
2025-11-13,ARE,53.220001,53.672001,52.259998,52.73,52.73,1307465,0.0,0.0,1.4120029999999986,2.6777982173335837
2025-11-13,ATO,178.220001,180.324997,177.860001,180.054993,180.054993,493116,0.0,0.0,2.464995999999985,1.3690239625845784
2025-11-13,AVB,176.580002,178.259995,176.330002,177.630005,177.630005,458063,0.0,0.0,1.929992999999996,1.086524205187066
2025-11-13,AVGO,351.579987,353.51001,334.160004,335.429993,335.429993,12731185,0.0,0.0,19.350006000000008,5.7687166931431815
2025-11-13,AVY,174.100006,176.740005,173.229996,176.5,176.5,306611,0.0,0.0,3.5100089999999966,1.988673654390933
2025-11-13,AWK,128.610001,131.339996,128.0,131.214996,131.214996,757003,0.0,0.0,3.3399960000000135,2.545437718109608
2025-11-13,AXON,566.75,579.98999,560.920105,561.0,561.0,640531,0.0,0.0,19.069885,3.3992664884135473
2025-11-13,AXP,371.089996,373.8909,366.620789,367.190002,367.190002,982694,0.0,0.0,7.270110999999986,1.9799316322343619
2025-11-13,AZO,3867.060059,3886.282471,3817.782959,3860.0,3860.0,56512,0.0,0.0,68.49951199999987,1.7745987564766803
2025-11-13,BA,195.630005,196.084396,193.110001,195.080002,195.080002,3821084,0.0,0.0,2.974394999999987,1.5247052334969666
2025-11-13,BAC,53.790001,54.209999,53.165001,53.257599,53.257599,18273194,0.0,0.0,1.0449980000000068,1.962157550512194
2025-11-13,BALL,46.740002,48.27,46.689999,48.16,48.16,1702271,0.0,0.0,1.5800010000000029,3.2807329734219333
2025-11-13,BAX,18.629999,18.92,18.540001,18.715,18.715,4749747,0.0,0.0,0.37999900000000153,2.030451509484379
2025-11-13,BBY,77.410004,78.035004,76.0,76.260002,76.260002,1603433,0.0,0.0,2.0350040000000007,2.6685076667058056
2025-11-13,BDX,191.690002,195.740005,191.264999,192.809998,192.809998,1978037,0.0,0.0,4.475006000000008,2.3209408466463484
2025-11-13,BEN,22.9,23.055599,22.4,22.405001,22.405001,1371236,0.0,0.0,0.6555990000000023,2.926127965805502
2025-11-13,BF-B,27.51,28.245001,27.49,27.985001,27.985001,1892771,0.0,0.0,0.755001,2.697877337935418
2025-11-13,BG,96.239998,98.389999,96.050003,97.574997,97.574997,699306,0.0,0.0,2.3399959999999993,2.3981512395024716
2025-11-13,BIIB,161.570007,167.869904,161.199997,166.639999,166.639999,1682300,0.0,0.0,6.669906999999995,4.002584637557514
2025-11-13,BK,112.25,112.855003,111.050003,111.220001,111.220001,1301830,0.0,0.0,1.8049999999999926,1.622909534050438
2025-11-13,BKNG,5199.169922,5235.837891,5144.365234,5162.509766,5162.509766,158524,0.0,0.0,91.47265700000025,1.7718640960726901
2025-11-13,BKR,47.57,48.490002,47.5,47.799999,47.799999,2183080,0.0,0.0,0.9900019999999969,2.0711339345425444
2025-11-13,BLDR,105.650002,107.879997,104.099998,104.385002,104.385002,987962,0.0,0.0,3.7799990000000037,3.621208916583633
2025-11-13,BLK,1090.369995,1093.359985,1066.469971,1068.469971,1068.469971,241296,0.0,0.0,26.890014000000065,2.516684111845766
2025-11-13,BMY,49.02,49.990002,48.98,49.360001,49.360001,7759580,0.0,0.0,1.010002,2.0461952583834027
2025-11-13,BR,222.220001,225.610001,220.429993,225.449997,225.449997,264748,0.0,0.0,5.180008000000015,2.297630547318222
2025-11-13,BRK-B,504.820007,514.259888,504.820007,512.669983,512.669983,3953109,0.0,0.0,9.43988100000007,1.841317282662143
2025-11-13,BRO,80.199997,81.370003,80.055,80.305,80.305,1414343,0.0,0.0,1.3150029999999902,1.637510740302584
2025-11-13,BSX,103.300003,105.650002,102.610001,105.470001,105.470001,4971318,0.0,0.0,3.0400010000000037,2.882337130157042
2025-11-13,BX,142.949997,143.660004,137.960007,138.449997,138.449997,6317788,0.0,0.0,5.699996999999996,4.117007673174595
2025-11-13,BXP,71.480003,72.150002,71.25,71.300003,71.300003,631468,0.0,0.0,0.9000020000000006,1.2622748416995166
2025-11-13,C,102.449997,103.569901,101.050003,101.290001,101.290001,6268184,0.0,0.0,2.5198979999999978,2.487805286920668
2025-11-13,CAG,17.370001,17.655001,17.32,17.535,17.535,5195720,0.0,0.0,0.33500099999999833,1.9104704875962264
2025-11-13,CAH,202.960007,205.889999,201.595001,205.639999,205.639999,1013722,0.0,0.0,4.2949979999999925,2.088600476991829
2025-11-13,CARR,55.950001,57.110001,55.709999,55.84,55.84,3089068,0.0,0.0,1.4000019999999935,2.5071669054441146
2025-11-13,CAT,572.77002,576.819885,544.640015,545.6651,545.6651,2016658,0.0,0.0,32.17987000000005,5.897366351632173
2025-11-13,CB,294.970001,298.359985,294.859985,296.98999,296.98999,824667,0.0,0.0,3.5,1.1784908979592208
2025-11-13,CBOE,260.98999,261.359985,258.850006,260.690002,260.690002,303421,0.0,0.0,2.509978999999987,0.9628213513151866
2025-11-13,CBRE,154.029999,156.5,153.731995,153.770004,153.770004,499200,0.0,0.0,2.768004999999988,1.8000942498512182
2025-11-13,CCI,93.209999,93.190002,91.449997,91.769997,91.769997,1664074,0.0,0.0,1.7400050000000107,1.8960499693598234
2025-11-13,CCL,27.110001,27.41,25.969999,26.1,26.1,10711379,0.0,0.0,1.4400009999999988,5.517245210727964
2025-11-13,CDNS,314.890015,317.470001,312.98999,313.480011,313.480011,851816,0.0,0.0,4.480011000000047,1.4291217439060404
2025-11-13,CDW,146.020004,150.350006,146.020004,146.755005,146.755005,791629,0.0,0.0,4.3300020000000075,2.9504969864571278
2025-11-13,CEG,350.0,350.679993,333.799988,334.589996,334.589996,2253414,0.0,0.0,16.88000500000004,5.044981978480923
2025-11-13,CF,85.089996,85.309998,84.550003,84.849998,84.849998,706261,0.0,0.0,0.7599949999999893,0.8956924194623899
2025-11-13,CFG,52.330002,52.7901,51.849998,51.919998,51.919998,1276690,0.0,0.0,0.9401020000000031,1.810674183770198
2025-11-13,CHD,85.959999,85.970001,85.230003,85.379997,85.379997,719135,0.0,0.0,0.7399979999999999,0.8667112040306114
2025-11-13,CHRW,153.098007,153.759995,151.490005,152.550003,152.550003,699066,0.0,0.0,2.269990000000007,1.4880301247847285
2025-11-13,CHTR,212.610001,213.024994,207.220093,207.710007,207.710007,1157803,0.0,0.0,5.804901000000001,2.794714170896928
2025-11-13,CI,270.75,275.25,270.75,275.130005,275.130005,1216849,0.0,0.0,4.5,1.6355904184278267
2025-11-13,CINF,166.710007,167.950897,166.710007,167.199997,167.199997,172065,0.0,0.0,1.2408900000000074,0.7421591042253473
2025-11-13,CL,78.629997,79.339996,78.480003,78.995003,78.995003,3484017,0.0,0.0,0.8599930000000029,1.088667595847807
2025-11-13,CLX,105.0,106.0,104.849998,105.32,105.32,923352,0.0,0.0,1.1500020000000006,1.0919122673756179
2025-11-13,CMCSA,27.76,28.275,27.76,28.245001,28.245001,17097806,0.0,0.0,0.514999999999997,1.823331498554371
2025-11-13,CME,280.649994,287.735504,280.644989,286.519989,286.519989,1185013,0.0,0.0,7.090514999999982,2.474701686520022
2025-11-13,CMG,31.4,31.924999,31.27,31.360001,31.360001,13788889,0.0,0.0,0.6549990000000001,2.088644703805973
2025-11-13,CMI,477.140015,480.899994,462.709991,463.083496,463.083496,434540,0.0,0.0,18.19000299999999,3.9280179831759736
2025-11-13,CMS,74.620003,74.910004,73.82,74.805,74.805,978773,0.0,0.0,1.0900040000000075,1.4571271973798643
2025-11-13,CNC,35.799999,36.5,35.459999,35.98,35.98,4111879,0.0,0.0,1.0400009999999966,2.89049749861033
2025-11-13,CNP,39.43,39.855,39.200001,39.814999,39.814999,1506775,0.0,0.0,0.6549989999999966,1.6451061571042525
2025-11-13,COF,220.610001,223.320007,217.169998,217.4767,217.4767,1735381,0.0,0.0,6.150009000000011,2.8278932869590223
2025-11-13,COIN,301.579987,303.959991,281.377502,282.040009,282.040009,6831362,0.0,0.0,22.58248900000001,8.006838845335595
2025-11-13,COO,71.0,72.739998,70.889999,72.394997,72.394997,1351739,0.0,0.0,1.8499989999999968,2.555423823002571
2025-11-13,COP,89.540001,90.660004,89.300003,89.485001,89.485001,2942327,0.0,0.0,1.360000999999997,1.519808889536691
2025-11-13,COR,362.880005,365.589996,361.040985,364.609985,364.609985,553733,0.0,0.0,4.549011000000007,1.2476375269865436
2025-11-13,COST,916.349976,923.979919,911.719971,922.190002,922.190002,1092913,0.0,0.0,12.259948000000009,1.3294383991814311
2025-11-13,CPAY,284.859985,289.600403,282.769989,284.045013,284.045013,258951,0.0,0.0,6.830413999999962,2.4046942165465732
2025-11-13,CPB,31.059999,31.665001,30.945,31.565001,31.565001,3936102,0.0,0.0,0.7200009999999999,2.2810105407568333
2025-11-13,CPRT,41.060001,41.900002,40.799999,41.805,41.805,4460086,0.0,0.0,1.100003000000001,2.6312713790216504
2025-11-13,CPT,102.239998,102.93,101.959999,102.190002,102.190002,500853,0.0,0.0,0.9700010000000105,0.9492132116799553
2025-11-13,CRL,169.339996,175.100006,168.360001,169.654999,169.654999,732910,0.0,0.0,6.7400049999999965,3.9727712355826283
2025-11-13,CRM,245.25,245.895004,240.005203,241.0,241.0,2912404,0.0,0.0,5.889801000000006,2.443900829875521
2025-11-13,CRWD,540.98999,543.849976,526.159973,527.344971,527.344971,1299010,0.0,0.0,17.690002999999933,3.354540950007454
2025-11-13,CSCO,77.949997,79.5,76.650002,77.544998,77.544998,36646422,0.0,0.0,2.8499979999999994,3.6752828338457095
2025-11-13,CSGP,68.5,69.129997,68.309998,68.440002,68.440002,1934223,0.0,0.0,0.8199990000000099,1.1981282525386394
2025-11-13,CSX,35.314999,35.419998,34.924999,34.945,34.945,5937007,0.0,0.0,0.49499899999999997,1.4165087995421375
2025-11-13,CTAS,185.119995,189.645004,184.779999,189.210007,189.210007,1151934,0.0,0.0,4.8650049999999965,2.571219713553521
2025-11-13,CTRA,25.950001,26.299999,25.889999,25.895,25.895,4218653,0.0,0.0,0.41000000000000014,1.5833172427109485
2025-11-13,CTSH,73.925003,74.754997,73.599998,74.044998,74.044998,2038992,0.0,0.0,1.1549990000000037,1.5598609375342323
2025-11-13,CTVA,66.684998,67.0,66.269997,66.470001,66.470001,1668912,0.0,0.0,0.7300029999999964,1.0982443042237902
2025-11-13,CVS,79.230003,79.989998,78.519997,79.510002,79.510002,3589548,0.0,0.0,1.4700009999999963,1.8488252584876006
2025-11-13,CVX,154.0,156.202499,153.940002,155.449997,155.449997,4152635,0.0,0.0,2.262496999999996,1.4554500120061091
2025-11-13,D,61.009998,61.379002,60.560001,60.990002,60.990002,2326448,0.0,0.0,0.8190010000000001,1.3428446846091269
2025-11-13,DAL,60.369999,61.419998,59.799999,59.799999,59.799999,4556681,0.0,0.0,1.619999,2.709028473395125
2025-11-13,DASH,197.779999,203.0,195.122192,196.324997,196.324997,3890743,0.0,0.0,7.8778079999999875,4.01263625130731
2025-11-13,DAY,68.949997,68.985001,68.860001,68.895401,68.895401,1050383,0.0,0.0,0.125,0.18143446178649864
2025-11-13,DD,40.790001,41.18,40.580101,40.599998,40.599998,2316100,0.0,0.0,0.5998990000000006,1.4775838166297464
2025-11-13,DDOG,190.0,190.589996,185.320007,186.585007,186.585007,2428503,0.0,0.0,5.26998900000001,2.824443981182266
2025-11-13,DE,481.320007,482.785004,476.059998,477.970001,477.970001,494555,0.0,0.0,6.725006000000008,1.4069933229972746
2025-11-13,DECK,83.800003,85.959999,83.361198,83.650002,83.650002,1682844,0.0,0.0,2.5988009999999946,3.106755454709965
2025-11-13,DELL,139.800003,140.100006,132.779999,133.130005,133.130005,4083169,0.0,0.0,7.320007000000004,5.498390088695635
2025-11-13,DG,103.665001,105.029999,103.139999,104.760002,104.760002,1033089,0.0,0.0,1.8900000000000006,1.8041236768972193
2025-11-13,DGX,185.600006,190.470001,184.5,189.410004,189.410004,732101,0.0,0.0,5.970000999999996,3.151893180890275
2025-11-13,DHI,143.949997,146.115005,143.124298,144.899994,144.899994,1047191,0.0,0.0,2.9907069999999862,2.0639800716623817
2025-11-13,DHR,217.759995,226.609894,217.539993,223.699997,223.699997,3641893,0.0,0.0,9.069900999999987,4.0544931254514
2025-11-13,DIS,108.889999,109.360001,104.910004,107.415001,107.415001,33432895,0.0,0.0,4.449996999999996,4.142807762949233
2025-11-13,DLR,162.660004,163.5,158.039993,158.649994,158.649994,1250321,0.0,0.0,5.46000699999999,3.441542519062428
2025-11-13,DLTR,102.485001,104.650002,101.709999,103.014999,103.014999,1767725,0.0,0.0,2.9400030000000044,2.8539562476722486
2025-11-13,DOC,17.639999,17.725,17.555,17.584999,17.584999,2398847,0.0,0.0,0.1700000000000017,0.9667330660638747
2025-11-13,DOV,182.990005,184.630005,182.399994,182.494995,182.494995,493052,0.0,0.0,2.230011000000019,1.2219573473782221
2025-11-13,DOW,22.15,23.16,22.07,23.014999,23.014999,12809120,0.0,0.0,1.0899999999999999,4.736041917707665
2025-11-13,DPZ,404.630005,412.299988,403.98999,409.5,409.5,285006,0.0,0.0,8.309998000000007,2.029303540903543
2025-11-13,DRI,175.539993,178.639999,175.210007,176.309998,176.309998,447273,0.0,0.0,3.4299919999999986,1.945432498955617
2025-11-13,DTE,139.860001,139.990005,137.800003,139.919998,139.919998,618559,0.0,0.0,2.1900019999999927,1.5651815546766894
2025-11-13,DUK,123.760002,124.589996,123.100304,124.440002,124.440002,1479160,0.0,0.0,1.4896920000000051,1.1971166634986112
2025-11-13,DVA,122.669998,124.849998,122.614998,123.529999,123.529999,330692,0.0,0.0,2.2349999999999994,1.8092771133269414
2025-11-13,DVN,35.369999,35.68,34.965,34.965,34.965,4711415,0.0,0.0,0.7149999999999963,2.044902044902034
2025-11-13,DXCM,59.195,60.849998,59.195,59.869999,59.869999,3653880,0.0,0.0,1.654997999999999,2.7643194047823503
2025-11-13,EA,201.75,202.100006,201.600006,201.774994,201.774994,714668,0.0,0.0,0.5,0.24780077555100807
2025-11-13,EBAY,87.790001,88.4412,85.010002,85.279999,85.279999,2398189,0.0,0.0,3.431197999999995,4.023449859562024
2025-11-13,ECL,260.730011,263.690002,258.01001,263.429993,263.429993,531068,0.0,0.0,5.67999199999997,2.1561675401175635
2025-11-13,ED,100.199997,101.169998,99.120003,101.089996,101.089996,763920,0.0,0.0,2.04999500000001,2.0278910684693368
2025-11-13,EFX,206.009995,210.139999,204.190002,208.149994,208.149994,484061,0.0,0.0,5.949996999999996,2.8585141347637975
2025-11-13,EG,326.76001,330.369995,324.730011,329.5401,329.5401,172898,0.0,0.0,5.639984000000027,1.7114712291463243
2025-11-13,EIX,58.389999,59.34,58.389999,59.209999,59.209999,976069,0.0,0.0,0.9500010000000003,1.6044604223013081
2025-11-13,EL,91.919998,92.699997,90.375,90.474998,90.474998,1685150,0.0,0.0,2.324996999999996,2.5697673958500626
2025-11-13,ELV,325.609985,332.660004,321.540009,327.440002,327.440002,960744,0.0,0.0,11.119995000000017,3.396040475225753
2025-11-13,EME,641.609985,644.11499,615.530029,618.909973,618.909973,269048,0.0,0.0,28.58496100000002,4.618597574287273
2025-11-13,EMR,131.419998,132.695007,128.520004,128.570007,128.570007,947958,0.0,0.0,4.175003000000004,3.247260459432038
2025-11-13,EOG,109.370003,110.519997,109.345001,109.459999,109.459999,1281593,0.0,0.0,1.1749960000000073,1.0734478446322728
2025-11-13,EPAM,177.940002,182.600006,177.801498,180.320007,180.320007,596581,0.0,0.0,4.798507999999998,2.661106817725444
2025-11-13,EQIX,810.0,812.617798,786.719971,787.844971,787.844971,253662,0.0,0.0,25.897827000000007,3.2871729786036807
2025-11-13,EQR,59.16,59.82,59.16,59.525002,59.525002,970507,0.0,0.0,0.6600000000000037,1.1087777871893287
2025-11-13,EQT,60.849998,61.259998,60.41,60.759998,60.759998,4690057,0.0,0.0,0.8499980000000065,1.3989434298533163
2025-11-13,ERIE,284.100006,290.049988,282.774994,288.920013,288.920013,43362,0.0,0.0,7.274993999999992,2.517995871750149
2025-11-13,ES,73.470001,74.074997,73.129997,74.003601,74.003601,762951,0.0,0.0,0.9449999999999932,1.2769648871546035
2025-11-13,ESS,252.449997,255.910004,252.020004,255.160004,255.160004,264553,0.0,0.0,3.8899999999999864,1.5245336020609197
2025-11-13,ETN,367.089996,368.480011,353.649994,353.880005,353.880005,1544312,0.0,0.0,14.830016999999998,4.190690852962998
2025-11-13,ETR,95.43,95.995003,94.739998,95.239998,95.239998,1242933,0.0,0.0,1.255004999999997,1.3177289230938425
2025-11-13,EVRG,77.050003,77.165001,76.440002,76.900002,76.900002,700054,0.0,0.0,0.7249989999999968,0.9427815099406588
2025-11-13,EW,85.080002,87.205002,84.940002,86.440002,86.440002,2677309,0.0,0.0,2.2649999999999864,2.6203146085072815
2025-11-13,EXC,45.869999,46.259998,45.689999,45.865002,45.865002,3458989,0.0,0.0,0.5699990000000028,1.2427754827090225
2025-11-13,EXE,119.160004,120.0,117.830002,118.57,118.57,1672675,0.0,0.0,2.1699980000000068,1.8301408450704284
2025-11-13,EXPD,140.149994,140.529999,138.085007,138.384995,138.384995,515245,0.0,0.0,2.4449920000000134,1.7668042694946902
2025-11-13,EXPE,273.649994,279.609985,268.290009,268.320007,268.320007,1251624,0.0,0.0,11.319975999999997,4.218834117725704
2025-11-13,EXR,132.5,133.580002,131.759995,132.154999,132.154999,468619,0.0,0.0,1.820007000000004,1.3771760537034274
2025-11-13,F,13.4,13.5,13.32,13.3579,13.3579,50346178,0.0,0.0,0.17999999999999972,1.3475171995598088
2025-11-13,FANG,145.100006,147.178802,144.929001,145.050003,145.050003,694881,0.0,0.0,2.249800999999991,1.551052018937215
2025-11-13,FAST,40.700001,41.244999,40.619999,41.07,41.07,3457640,0.0,0.0,0.625,1.521792062332603
2025-11-13,FCX,41.849998,41.884998,40.244999,40.25,40.25,5531583,0.0,0.0,1.639999000000003,4.0745316770186415
2025-11-13,FDS,269.459991,280.119995,268.25,279.690002,279.690002,403539,0.0,0.0,11.869995000000017,4.2439825932712525
2025-11-13,FDX,269.859985,271.119995,268.179993,268.75,268.75,543030,0.0,0.0,2.9400019999999927,1.0939542325581368
2025-11-13,FE,46.209999,46.330002,45.869999,46.110001,46.110001,985179,0.0,0.0,0.4600030000000004,0.9976208848921959
2025-11-13,FFIV,240.169998,241.880005,237.095001,238.539993,238.539993,438836,0.0,0.0,4.785004000000015,2.0059546157528456
2025-11-13,FICO,1776.0,1791.349976,1744.369995,1754.285034,1754.285034,76274,0.0,0.0,46.97998099999995,2.6780129847473777
2025-11-13,FIS,66.040001,66.449997,65.409798,65.580002,65.580002,1394171,0.0,0.0,1.0401990000000012,1.5861527421118429
2025-11-13,FISV,64.849998,66.949997,64.370102,64.809998,64.809998,5162491,0.0,0.0,2.5798949999999934,3.98070526093828
2025-11-13,FITB,43.060001,43.380001,42.724998,42.740002,42.740002,3965271,0.0,0.0,0.6550030000000007,1.5325291748933485
2025-11-13,FOX,60.16,60.224998,59.16,59.380001,59.380001,1130750,0.0,0.0,1.0649980000000028,1.793529777811898
2025-11-13,FOXA,66.349998,66.639999,65.599998,65.970001,65.970001,1569853,0.0,0.0,1.0400010000000037,1.5764756468625851
2025-11-13,FRT,97.099998,98.735001,97.029999,97.669998,97.669998,289445,0.0,0.0,1.7050019999999932,1.7456762925294553
2025-11-13,FSLR,267.5,269.769989,255.839996,257.820007,257.820007,1339105,0.0,0.0,13.929992999999996,5.402991475366766
2025-11-13,FTNT,81.449997,82.550003,81.074997,81.160004,81.160004,2068797,0.0,0.0,1.4750060000000076,1.8174050361062173
2025-11-13,FTV,52.049999,52.654999,51.939999,52.310001,52.310001,2175854,0.0,0.0,0.7149999999999963,1.3668514363056432
2025-11-13,GD,349.579987,350.0,344.700012,344.964996,344.964996,500673,0.0,0.0,5.299987999999985,1.5363842886830132
2025-11-13,GDDY,132.529999,133.339996,130.990005,131.035004,131.035004,643600,0.0,0.0,2.349991000000017,1.7934070502260733
2025-11-13,GE,309.980011,311.380005,302.579987,304.855011,304.855011,1854468,0.0,0.0,8.800017999999966,2.8866240286271583
2025-11-13,GEHC,74.339996,75.589996,74.25,75.129997,75.129997,1134341,0.0,0.0,1.3399959999999993,1.7835698835446505
2025-11-13,GEN,26.950001,27.18,26.715,26.725,26.725,2672469,0.0,0.0,0.46499999999999986,1.739943872778297
2025-11-13,GEV,574.320007,574.315002,537.359985,538.080017,538.080017,2517658,0.0,0.0,36.955017,6.867940795504397
2025-11-13,GILD,123.75,127.68,123.599998,126.199997,126.199997,4940392,0.0,0.0,4.0800020000000075,3.232965211560193
2025-11-13,GIS,46.560001,47.735001,46.485001,47.619999,47.619999,3680070,0.0,0.0,1.25,2.624947556172775
2025-11-13,GL,134.199997,134.917496,132.860001,133.059998,133.059998,165025,0.0,0.0,2.0574949999999887,1.5462911700930497
2025-11-13,GLW,88.400002,88.690002,81.699997,82.0,82.0,6577279,0.0,0.0,6.990005000000011,8.524396341463428
2025-11-13,GM,72.160004,72.8526,71.699997,71.879997,71.879997,4920353,0.0,0.0,1.1526029999999992,1.6035100836189506
2025-11-13,GNRC,160.699997,163.929993,155.779999,156.759995,156.759995,700008,0.0,0.0,8.149993999999992,5.199026703209573
2025-11-13,GOOG,282.984985,283.51001,278.0,279.430511,279.430511,10191095,0.0,0.0,5.5100100000000225,1.9718712821593136
2025-11-13,GOOGL,282.299988,282.839996,277.23999,278.76001,278.76001,17925641,0.0,0.0,5.600006000000008,2.0088986221517238
2025-11-13,GPC,128.759995,130.229996,128.179993,128.669998,128.669998,333186,0.0,0.0,2.050003000000004,1.593225329808433
2025-11-13,GPN,77.529999,78.080002,75.559998,75.68,75.68,579727,0.0,0.0,2.520004,3.3298150105708246
2025-11-13,GRMN,199.449997,199.949997,195.899994,196.150497,196.150497,474560,0.0,0.0,4.050003000000004,2.0647426654238883
2025-11-13,GS,833.059998,841.179993,812.460022,813.849976,813.849976,1405649,0.0,0.0,28.719970999999987,3.5289023587806785
2025-11-13,GWW,943.0,953.47998,943.150024,950.390015,950.390015,100338,0.0,0.0,10.329955999999925,1.0869175640486843
2025-11-13,HAL,26.93,27.674999,26.93,27.264999,27.264999,5915648,0.0,0.0,0.744999,2.7324372907550813
2025-11-13,HAS,78.82,79.599998,78.544998,78.639999,78.639999,490282,0.0,0.0,1.0549999999999926,1.3415564768763444
2025-11-13,HBAN,15.84,15.99,15.76,15.785,15.785,11909506,0.0,0.0,0.23000000000000043,1.4570795058599963
2025-11-13,HCA,469.790009,476.970001,466.570007,474.279999,474.279999,497458,0.0,0.0,10.39999400000005,2.1927962431323293
2025-11-13,HD,371.660004,373.515015,369.109985,369.422394,369.422394,1500799,0.0,0.0,4.405030000000011,1.1924101168593506
2025-11-13,HIG,132.919998,134.240005,132.679993,134.044998,134.044998,455441,0.0,0.0,1.5600120000000004,1.1637972496370215
2025-11-13,HII,320.0,321.040009,312.119995,313.019989,313.019989,196989,0.0,0.0,8.92001399999998,2.849662741506256
2025-11-13,HLT,274.790009,277.355011,272.339996,272.484985,272.484985,646199,0.0,0.0,5.015015000000005,1.8404738888640069
2025-11-13,HOLX,74.559998,74.614998,74.275002,74.345001,74.345001,1380074,0.0,0.0,0.3399959999999993,0.4573219388348644
2025-11-13,HON,201.270004,203.035004,200.869995,201.074997,201.074997,1533514,0.0,0.0,2.1650089999999977,1.0767171614081872
2025-11-13,HOOD,129.869995,130.149994,119.470001,120.449997,120.449997,25212399,0.0,0.0,10.679992999999996,8.866744097967887
2025-11-13,HPE,23.27,23.594999,22.719999,22.7645,22.7645,24653513,0.0,0.0,0.875,3.8437040128269895
2025-11-13,HPQ,25.200001,25.434999,25.0501,25.174999,25.174999,5851844,0.0,0.0,0.38489900000000077,1.5288938045240867
2025-11-13,HRL,22.209999,22.805,22.209999,22.775,22.775,2733107,0.0,0.0,0.5950009999999999,2.6125181119648735
2025-11-13,HSIC,72.510002,73.514999,72.260002,73.322502,73.322502,568499,0.0,0.0,1.254997000000003,1.7116123505987328
2025-11-13,HST,17.959999,18.025,17.6,17.635,17.635,3678278,0.0,0.0,0.42499999999999716,2.409980153104605
2025-11-13,HSY,178.220001,181.440002,177.684998,180.130005,180.130005,1012783,0.0,0.0,3.7550039999999854,2.0846077254036524
2025-11-13,HUBB,450.859985,451.954987,436.179993,437.660004,437.660004,232780,0.0,0.0,15.774993999999992,3.6043947026971175
2025-11-13,HUM,240.5,242.919998,237.850006,239.630005,239.630005,662236,0.0,0.0,5.069991999999985,2.115758416814282
2025-11-13,HWM,205.860001,205.860001,201.389999,201.764999,201.764999,1214453,0.0,0.0,4.470002000000022,2.215449667759284
2025-11-13,IBKR,72.519997,72.519997,66.739998,66.989998,66.989998,3810553,0.0,0.0,5.779999000000004,8.628152220574785
2025-11-13,IBM,312.290009,314.600006,305.670013,306.214996,306.214996,2418014,0.0,0.0,8.929993000000024,2.9162494053687773
2025-11-13,ICE,153.399994,154.229996,153.074997,153.800003,153.800003,1306981,0.0,0.0,1.1549990000000037,0.7509746277443204
2025-11-13,IDXX,709.830017,715.890015,701.484985,703.280029,703.280029,200062,0.0,0.0,14.405029999999897,2.0482637649305264
2025-11-13,IEX,169.699997,171.740707,168.410004,168.619995,168.619995,210247,0.0,0.0,3.3307029999999997,1.975271675224519
2025-11-13,IFF,65.32,67.305,65.040001,67.294998,67.294998,1181727,0.0,0.0,2.264999000000003,3.365776160659077
2025-11-13,INCY,107.269997,107.760002,105.029999,105.995003,105.995003,1236128,0.0,0.0,2.7300029999999964,2.5755959457824598
2025-11-13,INTC,37.285,37.310001,35.509998,35.674999,35.674999,54872977,0.0,0.0,1.8000029999999967,5.045558655797009
2025-11-13,INTU,655.51001,662.580017,649.340088,649.659973,649.659973,828189,0.0,0.0,13.239928999999961,2.0379782578970675
2025-11-13,INVH,28.889999,28.889999,28.299999,28.344999,28.344999,2652426,0.0,0.0,0.5899999999999999,2.08149592808241
2025-11-13,IP,38.380001,38.98,37.880001,38.105,38.105,1901668,0.0,0.0,1.0999989999999968,2.8867576433538824
2025-11-13,IPG,25.379999,25.535,25.165001,25.17,25.17,2249899,0.0,0.0,0.36999899999999997,1.4699999999999998
2025-11-13,IQV,218.699997,228.119995,217.610001,225.419998,225.419998,1448064,0.0,0.0,10.509993999999978,4.662405329273394
2025-11-13,IR,77.230003,78.220001,76.260002,76.364998,76.364998,837280,0.0,0.0,1.9599989999999963,2.5666195918711296
2025-11-13,IRM,97.339996,97.606796,91.199997,91.894997,91.894997,2274272,0.0,0.0,6.406799000000007,6.971869208505449
2025-11-13,ISRG,563.77002,573.322083,561.0,567.059998,567.059998,940856,0.0,0.0,12.32208300000002,2.1729769413218287
2025-11-13,IT,228.289993,234.100006,225.649994,231.270004,231.270004,532435,0.0,0.0,8.450012000000015,3.653743180633151
2025-11-13,ITW,245.050003,247.009995,244.342896,245.880096,245.880096,444126,0.0,0.0,2.6670990000000074,1.0847152914728029
2025-11-13,IVZ,24.469999,24.559999,24.0,24.010599,24.010599,1526383,0.0,0.0,0.5599990000000012,2.3322991650479077
2025-11-13,J,154.839996,156.289993,153.070007,153.149994,153.149994,310079,0.0,0.0,3.219986000000006,2.10250481629141
2025-11-13,JBHT,168.320007,170.039993,166.169998,166.789993,166.789993,319461,0.0,0.0,3.869995000000017,2.320280090185037
2025-11-13,JBL,212.119995,213.557495,200.0,200.270004,200.270004,645224,0.0,0.0,13.557494999999989,6.769608393276903
2025-11-13,JCI,122.730003,123.650002,119.745003,120.714996,120.714996,1853989,0.0,0.0,3.9049990000000037,3.234891380023741
2025-11-13,JKHY,166.729996,168.429993,166.085007,166.835007,166.835007,359633,0.0,0.0,2.344986000000006,1.4055719133335163
2025-11-13,JNJ,194.210007,196.0,193.449997,195.669998,195.669998,4252110,0.0,0.0,2.550003000000004,1.303216142517671
2025-11-13,JPM,319.230011,320.632507,310.810089,311.320007,311.320007,3910642,0.0,0.0,9.82241799999997,3.1550872989669347
2025-11-13,K,83.400002,83.400002,83.294998,83.370003,83.370003,756571,0.0,0.0,0.10500399999999388,0.12594937773960962
2025-11-13,KDP,26.879999,27.16,26.785,27.055,27.055,14674904,0.0,0.0,0.375,1.3860654222879318
2025-11-13,KEY,17.74,17.924999,17.6507,17.655001,17.655001,9781332,0.0,0.0,0.2742989999999992,1.5536617641652877
2025-11-13,KEYS,182.610001,184.110001,177.889999,178.0,178.0,451314,0.0,0.0,6.220002000000022,3.4943831460674284
2025-11-13,KHC,24.73,25.205,24.709999,25.145,25.145,11103825,0.0,0.0,0.49500099999999847,1.9685862000397631
2025-11-13,KIM,20.5,20.690001,20.455,20.459999,20.459999,1277588,0.0,0.0,0.23500100000000046,1.1485875439192372
2025-11-13,KKR,122.43,123.599998,118.819,119.669998,119.669998,5049855,0.0,0.0,4.780997999999997,3.995151733853958
2025-11-13,KLAC,1190.900024,1192.77002,1148.709961,1158.319946,1158.319946,496722,0.0,0.0,44.06005899999991,3.8037900626809984
2025-11-13,KMB,104.849998,105.699997,104.370003,104.910004,104.910004,3470134,0.0,0.0,1.3299939999999992,1.2677475448385258
2025-11-13,KMI,27.08,27.200001,26.885,26.889999,26.889999,8015531,0.0,0.0,0.31500099999999875,1.1714429591462565
2025-11-13,KO,71.415001,71.667503,71.019997,71.559998,71.559998,7320203,0.0,0.0,0.6475059999999928,0.9048435132711894
2025-11-13,KR,65.580002,66.125,65.389999,66.07,66.07,2587427,0.0,0.0,0.7350009999999969,1.1124579990918677
2025-11-13,KVUE,16.790001,17.059999,16.75,16.889999,16.889999,18925706,0.0,0.0,0.30999900000000125,1.8353997534280568
2025-11-13,L,103.980003,105.089996,103.790001,104.919998,104.919998,259315,0.0,0.0,1.2999949999999956,1.239034526096727
2025-11-13,LDOS,193.880005,195.389999,190.949997,191.5,191.5,278829,0.0,0.0,4.440001999999993,2.318538903394252
2025-11-13,LEN,122.830002,124.165001,122.019997,122.714996,122.714996,1905013,0.0,0.0,2.145004,1.7479558895964111
2025-11-13,LH,264.76001,270.470001,263.529999,268.25,268.25,554638,0.0,0.0,6.9400020000000495,2.58713960857411
2025-11-13,LHX,301.049988,301.724396,291.279999,291.549988,291.549988,560101,0.0,0.0,10.444397000000038,3.5823692093583754
2025-11-13,LII,481.839996,488.980011,479.065002,480.295013,480.295013,226611,0.0,0.0,9.915008999999998,2.064358099008619
2025-11-13,LIN,427.200012,428.689911,420.920013,427.640015,427.640015,1386470,0.0,0.0,7.769898000000012,1.8169249199002135
2025-11-13,LKQ,31.030001,31.940001,30.950001,31.83,31.83,2065036,0.0,0.0,0.9899999999999984,3.1102733270499483
2025-11-13,LLY,1010.085022,1032.949951,1010.085022,1024.910034,1024.910034,2870999,0.0,0.0,22.864929000000075,2.230920592197078
2025-11-13,LMT,458.01001,460.910004,456.429993,458.380005,458.380005,420629,0.0,0.0,4.48001099999999,0.9773574220367641
2025-11-13,LNT,68.029999,68.260002,67.300003,68.019997,68.019997,769320,0.0,0.0,0.9599989999999963,1.4113481951491358
2025-11-13,LOW,234.449997,236.649994,233.050003,233.264999,233.264999,1527285,0.0,0.0,3.5999909999999886,1.5433052602975335
2025-11-13,LRCX,159.210007,160.300003,152.210999,152.684998,152.684998,6832017,0.0,0.0,8.089004000000017,5.297838101946346
2025-11-13,LULU,170.289993,173.229904,169.0,169.929993,169.929993,1315399,0.0,0.0,4.229904000000005,2.489203892334654
2025-11-13,LUV,33.240002,33.799999,32.880001,33.169998,33.169998,3848398,0.0,0.0,0.9199979999999996,2.7735847315999225
2025-11-13,LVS,66.470001,66.910004,65.110001,66.260002,66.260002,6719305,0.0,0.0,1.8000030000000038,2.716575529231049
2025-11-13,LW,58.32,59.150002,58.029999,58.330002,58.330002,654520,0.0,0.0,1.120003000000004,1.920114797870235
2025-11-13,LYB,43.41,45.669998,43.34,45.41,45.41,3159645,0.0,0.0,2.3299979999999962,5.131024003523446
2025-11-13,LYV,139.690002,140.259995,136.940002,137.639999,137.639999,1178465,0.0,0.0,3.319993000000011,2.4120844406574076
2025-11-13,MA,559.880005,563.590027,555.72998,558.900024,558.900024,893183,0.0,0.0,7.860047000000009,1.4063422190871133
2025-11-13,MAA,130.679993,131.539993,130.578598,130.699997,130.699997,505923,0.0,0.0,0.9613950000000102,0.7355738500896907
2025-11-13,MAR,290.059998,293.48999,289.220001,289.375,289.375,618291,0.0,0.0,4.269988999999953,1.4755901511878886
2025-11-13,MAS,62.189999,63.049999,62.139999,62.18,62.18,840320,0.0,0.0,0.9099999999999966,1.4634930845931113
2025-11-13,MCD,307.299988,310.100006,306.5,308.470001,308.470001,1238570,0.0,0.0,3.6000060000000076,1.1670522217166936
2025-11-13,MCHP,55.049999,56.080002,54.639999,54.66,54.66,3465071,0.0,0.0,1.4400029999999973,2.6344731064763947
2025-11-13,MCK,837.02002,849.741577,836.950012,845.5,845.5,264715,0.0,0.0,12.791564999999991,1.512899467770549
2025-11-13,MCO,490.269989,493.640015,485.309998,491.734985,491.734985,354494,0.0,0.0,8.330016999999998,1.694005359411228
2025-11-13,MDLZ,57.07,57.720001,56.75,57.505001,57.505001,3951388,0.0,0.0,0.9700010000000034,1.6868115522683036
2025-11-13,MDT,95.0,96.709999,94.639999,96.610001,96.610001,2872389,0.0,0.0,2.069999999999993,2.142635315778532
2025-11-13,MET,79.949997,80.650002,79.080002,79.459999,79.459999,2285014,0.0,0.0,1.5700000000000074,1.9758369239345288
2025-11-13,META,613.070007,617.650024,603.0,606.390015,606.390015,14378610,0.0,0.0,14.65002400000003,2.415940836360907
2025-11-13,MGM,33.0,33.549999,33.0,33.145,33.145,2024423,0.0,0.0,0.5499989999999997,1.6593724543671733
2025-11-13,MHK,109.57,110.330002,108.675003,108.839996,108.839996,240222,0.0,0.0,1.6549989999999895,1.5205798059749924
2025-11-13,MKC,65.559998,66.739998,65.559998,66.360001,66.360001,1333076,0.0,0.0,1.1800000000000068,1.778179599484947
2025-11-13,MLM,614.599976,616.742981,604.289978,608.102478,608.102478,195478,0.0,0.0,12.453002999999967,2.0478461197785096
2025-11-13,MMC,182.889999,184.326004,182.539993,184.100006,184.100006,1166679,0.0,0.0,1.786011000000002,0.97013087549818
2025-11-13,MMM,170.419998,172.510101,169.601395,169.824997,169.824997,1505799,0.0,0.0,2.908705999999995,1.712766701830117
2025-11-13,MNST,70.389999,71.875,70.080002,71.550003,71.550003,3112960,0.0,0.0,1.7949980000000068,2.5087322498085802
2025-11-13,MO,58.200001,58.275002,57.540001,58.09,58.09,4780288,0.0,0.0,0.735001000000004,1.26527973833707
2025-11-13,MOH,140.110001,141.799896,138.649994,139.299896,139.299896,974928,0.0,0.0,3.1499019999999973,2.2612378691223127
2025-11-13,MOS,25.629999,25.99,25.530001,25.780001,25.780001,2684216,0.0,0.0,0.4599989999999998,1.7843249889711015
2025-11-13,MPC,197.229996,199.402496,195.160004,195.160004,195.160004,946397,0.0,0.0,4.242492000000027,2.1738532040612313
2025-11-13,MPWR,950.669983,958.780029,920.76001,922.570007,922.570007,252768,0.0,0.0,38.02001900000005,4.121098530357929
2025-11-13,MRK,91.309998,94.260002,90.900002,93.485001,93.485001,10070706,0.0,0.0,3.3599999999999994,3.5941594523810294
2025-11-13,MRNA,26.014999,26.17,24.85,24.985001,24.985001,6416658,0.0,0.0,1.3200000000000003,5.283169690487506
2025-11-13,MS,169.304993,170.350006,166.419998,166.664993,166.664993,2474939,0.0,0.0,3.930008000000015,2.358028479321998
2025-11-13,MSCI,575.97998,577.98999,569.619995,574.180115,574.180115,237963,0.0,0.0,8.369995000000017,1.4577298623446786
2025-11-13,MSFT,510.309998,513.5,502.940002,503.859985,503.859985,12199447,0.0,0.0,10.559998000000007,2.095819932991902
2025-11-13,MSI,390.720001,391.480011,384.920013,385.359985,385.359985,665224,0.0,0.0,6.559998000000007,1.7023038860664288
2025-11-13,MTB,187.979996,188.630005,187.009995,187.125,187.125,342045,0.0,0.0,1.6200100000000077,0.8657368069472319
2025-11-13,MTCH,32.91,33.049999,32.540001,32.619999,32.619999,1457417,0.0,0.0,0.5099980000000031,1.5634519179476465
2025-11-13,MTD,1433.569946,1462.150024,1429.305054,1432.23999,1432.23999,55899,0.0,0.0,32.8449700000001,2.2932588273840966
2025-11-13,MU,243.600006,249.5,230.160004,231.244995,231.244995,20807677,0.0,0.0,19.339996000000014,8.363422525101576
2025-11-13,NCLH,18.924999,19.290001,18.58,18.700001,18.700001,7742653,0.0,0.0,0.7100010000000019,3.7967965884066097
2025-11-13,NDAQ,88.290001,88.604897,87.379997,87.540001,87.540001,797223,0.0,0.0,1.224899999999991,1.399246042960396
2025-11-13,NDSN,236.050003,237.815002,233.880005,234.839996,234.839996,129542,0.0,0.0,3.9349969999999814,1.6756076763005827
2025-11-13,NEE,85.779999,85.93,84.480202,85.101799,85.101799,4915350,0.0,0.0,1.4497980000000013,1.703604409114784
2025-11-13,NEM,93.220001,93.75,89.57,89.796997,89.796997,5711843,0.0,0.0,4.180000000000007,4.654944084600075
2025-11-13,NFLX,1158.5,1167.329956,1145.689941,1150.76001,1150.76001,2504587,0.0,0.0,21.64001499999995,1.8804976547629555
2025-11-13,NI,43.490002,43.564999,42.23,42.955002,42.955002,2935264,0.0,0.0,1.3349990000000034,3.10790114734485
2025-11-13,NKE,65.709999,66.130203,64.889999,66.004997,66.004997,13342036,0.0,0.0,1.2402039999999914,1.878954710050197
2025-11-13,NOC,563.23999,563.409973,558.119995,561.02002,561.02002,361763,0.0,0.0,5.289978000000019,0.9429214308608842
2025-11-13,NOW,852.380005,862.999512,844.460022,845.969971,845.969971,799348,0.0,0.0,18.53949,2.1915068661461983
2025-11-13,NRG,167.740005,169.229996,164.949997,165.725006,165.725006,1749686,0.0,0.0,4.279999000000004,2.5825909458708987
2025-11-13,NSC,286.049988,286.579987,284.359985,284.429993,284.429993,558116,0.0,0.0,2.2200020000000222,0.7805091075609674
2025-11-13,NTAP,111.0,111.779999,109.57,109.790001,109.790001,696601,0.0,0.0,2.2099990000000105,2.01293285351187
2025-11-13,NTRS,131.520004,132.330002,129.229996,129.369995,129.369995,434982,0.0,0.0,3.1000060000000076,2.3962326040130155
2025-11-13,NUE,149.009995,149.9599,144.139999,144.830002,144.830002,619660,0.0,0.0,5.819901000000016,4.018436042001861
2025-11-13,NVDA,191.039993,191.440002,183.850006,184.654999,184.654999,141262459,0.0,0.0,7.589995999999985,4.110365839594727
2025-11-13,NVR,7256.689941,7365.064941,7300.069824,7322.785156,7322.785156,9129,0.0,0.0,64.99511699999948,0.887573725234108
2025-11-13,NWS,30.18,30.280001,29.780001,29.815001,29.815001,375186,0.0,0.0,0.5,1.6770081610931358
2025-11-13,NWSA,26.57,26.85,26.325001,26.344999,26.344999,2592699,0.0,0.0,0.5249990000000011,1.992784285169269
2025-11-13,NXPI,202.919998,204.740005,200.119995,200.539993,200.539993,882941,0.0,0.0,4.620010000000008,2.3037848615064065
2025-11-13,O,56.959999,57.650002,56.91,56.990002,56.990002,3660934,0.0,0.0,0.740002000000004,1.2984768802078723
2025-11-13,ODFL,138.009995,139.630005,135.529999,135.966705,135.966705,865793,0.0,0.0,4.100006000000008,3.015448524695813
2025-11-13,OKE,69.110001,70.0,69.059998,69.275002,69.275002,2194384,0.0,0.0,0.9400020000000069,1.3569137103742082
2025-11-13,OMC,73.900002,74.279999,73.290001,73.309998,73.309998,974777,0.0,0.0,0.9899979999999999,1.3504269908723774
2025-11-13,ON,48.860001,50.314999,48.119999,48.150002,48.150002,4139989,0.0,0.0,2.1950000000000003,4.558670631000182
2025-11-13,ORCL,224.990005,225.149994,215.220001,216.259995,216.259995,19743619,0.0,0.0,9.929992999999996,4.59169205104254
2025-11-13,ORLY,98.129997,99.754997,98.129997,99.419998,99.419998,1966687,0.0,0.0,1.625,1.6344800167869644
2025-11-13,OTIS,91.0,91.400002,90.559998,90.974998,90.974998,959193,0.0,0.0,0.8400040000000075,0.9233350024366118
2025-11-13,OXY,42.16,42.449902,41.764999,41.790001,41.790001,4759435,0.0,0.0,0.6849029999999985,1.6389159693965993
2025-11-13,PANW,210.039993,211.990005,203.181198,203.770004,203.770004,2835970,0.0,0.0,8.808807000000002,4.322916438672691
2025-11-13,PAYC,166.009995,167.070007,164.0,164.755005,164.755005,422526,0.0,0.0,3.070007000000004,1.8633770791970803
2025-11-13,PAYX,110.690002,111.769997,109.989998,111.639999,111.639999,1342485,0.0,0.0,1.7799990000000037,1.59440972406315
2025-11-13,PCAR,98.050003,98.940002,97.349998,97.360001,97.360001,814467,0.0,0.0,1.5900040000000075,1.6331183069729094
2025-11-13,PCG,16.68,16.8351,16.639999,16.7591,16.7591,13144337,0.0,0.0,0.19510100000000108,1.1641496261732496
2025-11-13,PEG,83.309998,83.639999,82.18,82.650002,82.650002,984172,0.0,0.0,1.4599989999999963,1.7664839257959075
2025-11-13,PEP,144.125,146.389999,143.649994,146.059998,146.059998,3107089,0.0,0.0,2.7400049999999965,1.875944842885727
2025-11-13,PFE,25.940001,26.475,25.770201,25.855,25.855,62626576,0.0,0.0,0.7047990000000013,2.7259678978920956
2025-11-13,PFG,85.239998,86.050003,84.760002,85.150002,85.150002,525383,0.0,0.0,1.2900010000000037,1.5149747148567345
2025-11-13,PG,148.179993,148.990005,147.639999,148.190002,148.190002,4147189,0.0,0.0,1.3500060000000076,0.9109966811391281
2025-11-13,PGR,222.279999,224.669006,221.759995,224.399994,224.399994,1345841,0.0,0.0,2.9090109999999925,1.296350747674259
2025-11-13,PH,849.320007,856.450012,841.969971,842.219971,842.219971,293908,0.0,0.0,14.480041000000028,1.7192706773276014
2025-11-13,PHM,119.260002,121.089996,119.022003,119.605003,119.605003,431273,0.0,0.0,2.0679930000000013,1.729018810358628
2025-11-13,PKG,200.990005,202.929993,199.375,200.585007,200.585007,307686,0.0,0.0,3.554992999999996,1.7723124241284873
2025-11-13,PLD,124.089996,124.830002,123.295303,124.389999,124.389999,1726680,0.0,0.0,1.5346989999999892,1.233780056546177
2025-11-13,PLTR,182.0,182.699997,171.036804,171.485001,171.485001,45740834,0.0,0.0,11.663193000000007,6.801290452218621
2025-11-13,PM,155.690002,156.059998,153.0,155.820007,155.820007,3301116,0.0,0.0,3.0599980000000073,1.9638030179269645
2025-11-13,PNC,186.600006,187.0,185.145004,185.309998,185.309998,501762,0.0,0.0,1.8549959999999999,1.001023161200401
2025-11-13,PNR,107.959999,109.349998,107.559998,107.669998,107.669998,254577,0.0,0.0,1.7900000000000063,1.6624872603787046
2025-11-13,PNW,88.830002,89.099998,88.089996,88.938499,88.938499,794144,0.0,0.0,1.010002,1.1356184457306842
2025-11-13,PODD,334.869995,341.01001,332.010101,333.700012,333.700012,270814,0.0,0.0,8.999909000000002,2.6970058964217247
2025-11-13,POOL,248.869995,252.639999,245.789993,246.994995,246.994995,716625,0.0,0.0,6.850005999999979,2.773337977961853
2025-11-13,PPG,97.620003,98.769997,97.699997,98.339996,98.339996,854066,0.0,0.0,1.0700000000000074,1.0880618705740108
2025-11-13,PPL,36.740002,36.825001,36.189999,36.6702,36.6702,2789736,0.0,0.0,0.6350020000000001,1.731656767620575
2025-11-13,PRU,107.580002,108.330002,107.230003,108.040001,108.040001,718459,0.0,0.0,1.0999989999999968,1.0181404940934764
2025-11-13,PSA,273.899994,277.230011,273.899994,276.200012,276.200012,421300,0.0,0.0,3.330016999999998,1.2056541836790355
2025-11-13,PSKY,15.4063,15.79,15.285,15.44,15.44,2967569,0.0,0.0,0.504999999999999,3.2707253886010297
2025-11-13,PSX,138.339996,140.580002,138.339996,139.550003,139.550003,930626,0.0,0.0,2.240005999999994,1.605163706087483
2025-11-13,PTC,177.009995,179.214996,174.589996,174.639999,174.639999,568267,0.0,0.0,4.625,2.64830509991013
2025-11-13,PWR,448.0,449.410004,426.705597,428.424988,428.424988,670597,0.0,0.0,22.704407000000003,5.299505779527501
2025-11-13,PYPL,66.510002,67.279999,65.559998,65.739998,65.739998,6218777,0.0,0.0,1.7200010000000105,2.616369109107686
2025-11-13,Q,91.5,91.75,84.830002,85.785004,85.785004,2212335,0.0,0.0,6.919998000000007,8.066675616171803
2025-11-13,QCOM,176.630005,178.830002,173.535004,174.169998,174.169998,4730918,0.0,0.0,5.294998000000021,3.0401320897988535
2025-11-13,RCL,263.820007,266.720001,256.295013,256.959991,256.959991,860005,0.0,0.0,10.424988000000042,4.0570471533056836
2025-11-13,REG,69.639999,70.285004,69.639999,69.940002,69.940002,388350,0.0,0.0,0.6450049999999976,0.9222261675085419
2025-11-13,REGN,683.0,713.580017,679.929993,703.840027,703.840027,996540,0.0,0.0,33.65002400000003,4.780919343764465
2025-11-13,RF,25.26,25.4,25.1099,25.174999,25.174999,8611323,0.0,0.0,0.2900999999999989,1.1523337101224866
2025-11-13,RJF,165.050003,166.229996,161.789993,162.005005,162.005005,377666,0.0,0.0,4.44000299999999,2.740657919796978
2025-11-13,RL,338.730011,341.404999,331.609985,334.190002,334.190002,206343,0.0,0.0,9.79501399999998,2.930971585439585
2025-11-13,RMD,251.009995,255.100006,249.729996,254.0,254.0,456445,0.0,0.0,5.370010000000008,2.114177165354334
2025-11-13,ROK,389.630005,393.0,378.429993,380.190002,380.190002,520454,0.0,0.0,14.570006999999976,3.8322962001509904
2025-11-13,ROL,57.990002,58.43,57.209999,57.865002,57.865002,1703933,0.0,0.0,1.2200009999999963,2.1083573106935973
2025-11-13,ROP,453.470001,454.660004,449.839996,450.519989,450.519989,345441,0.0,0.0,4.82000800000003,1.069876613177319
2025-11-13,ROST,163.009995,163.330002,161.744995,162.035004,162.035004,930930,0.0,0.0,1.5850070000000187,0.9781880216450137
2025-11-13,RSG,205.050003,207.884995,204.910004,207.139999,207.139999,604828,0.0,0.0,2.974991000000017,1.4362223686213387
2025-11-13,RTX,178.630005,178.792007,174.149994,174.494995,174.494995,1535292,0.0,0.0,4.64201300000002,2.6602556709434677
2025-11-13,RVTY,93.019997,95.764999,92.934998,94.480003,94.480003,477740,0.0,0.0,2.83000100000001,2.9953438930352383
2025-11-13,SBAC,200.25,200.429993,196.100006,196.792999,196.792999,489955,0.0,0.0,4.3299869999999885,2.2002749193328714
2025-11-13,SBUX,86.745003,87.290001,86.220001,86.690002,86.690002,6012667,0.0,0.0,1.0700000000000074,1.234283049157165
2025-11-13,SCHW,97.870003,98.260002,95.669998,95.680199,95.680199,3829847,0.0,0.0,2.5900039999999933,2.7069383499087345
2025-11-13,SHW,342.019989,345.950012,340.980011,341.795013,341.795013,689855,0.0,0.0,4.970001000000025,1.4540882139787175
2025-11-13,SJM,110.050003,112.360001,110.080002,111.330002,111.330002,1155639,0.0,0.0,2.2799990000000037,2.047964572927973
2025-11-13,SLB,36.220001,36.935001,36.154999,36.384998,36.384998,5807022,0.0,0.0,0.7800020000000032,2.1437461670329157
2025-11-13,SMCI,37.759998,37.790001,34.779999,34.950001,34.950001,25621258,0.0,0.0,3.010002,8.612308766457547
2025-11-13,SNA,340.76001,343.795288,338.660004,339.029999,339.029999,108208,0.0,0.0,5.135284000000013,1.5146989986570518
2025-11-13,SNPS,396.25,403.643494,392.410004,393.779999,393.779999,1223333,0.0,0.0,11.23348999999996,2.85273249746744
2025-11-13,SO,92.0,92.379997,91.559998,92.199997,92.199997,2675156,0.0,0.0,0.8199990000000099,0.8893698770944752
2025-11-13,SOLS,46.34,47.470001,46.035,46.084999,46.084999,1602430,0.0,0.0,1.4350010000000069,3.1138136728613293
2025-11-13,SOLV,73.510002,75.980003,73.050003,75.480003,75.480003,779633,0.0,0.0,2.9299999999999926,3.881822845184562
2025-11-13,SPG,183.0,185.139999,182.835007,183.407501,183.407501,691061,0.0,0.0,2.3049919999999986,1.2567599402600218
2025-11-13,SPGI,491.640015,506.23999,491.640015,503.404999,503.404999,969494,0.0,0.0,14.599974999999972,2.9002443418326034
2025-11-13,SRE,92.224998,93.610001,90.379997,92.830002,92.830002,2734529,0.0,0.0,3.230003999999994,3.4794828508136777
2025-11-13,STE,266.01001,268.019989,262.679993,263.190002,263.190002,300329,0.0,0.0,5.339995999999985,2.028950932566194
2025-11-13,STLD,158.0,158.845001,152.5401,152.699997,152.699997,604603,0.0,0.0,6.304901000000001,4.128946381053302
2025-11-13,STT,121.040001,121.635002,118.610001,118.621201,118.621201,513772,0.0,0.0,3.025001000000003,2.550135198850333
2025-11-13,STX,272.6922,277.5,258.850006,262.059998,262.059998,3425547,0.0,0.0,18.649993999999992,7.116688598921531
2025-11-13,STZ,129.710007,131.520004,129.360001,130.520004,130.520004,1207080,0.0,0.0,2.160002999999989,1.6549210341734197
2025-11-13,SW,35.494999,35.779999,35.220001,35.32,35.32,2312267,0.0,0.0,0.5599979999999931,1.5854983012457338
2025-11-13,SWK,67.75,69.149902,67.519997,67.649498,67.649498,449015,0.0,0.0,1.6299049999999937,2.4093379081689474
2025-11-13,SWKS,69.410004,70.305,68.412399,68.745003,68.745003,966186,0.0,0.0,1.8926010000000133,2.7530742852684336
2025-11-13,SYF,74.730003,75.459999,74.18,74.260002,74.260002,1855388,0.0,0.0,1.2799989999999895,1.7236721862732909
2025-11-13,SYK,364.799988,375.98999,364.799988,375.98999,375.98999,1181848,0.0,0.0,11.190001999999993,2.97614359361003
2025-11-13,SYY,75.370003,75.870003,75.0,75.379997,75.379997,1065931,0.0,0.0,0.870002999999997,1.1541563208074908
2025-11-13,T,25.65,25.959999,25.559999,25.809999,25.809999,28710784,0.0,0.0,0.3999999999999986,1.5497869643466418
2025-11-13,TAP,46.0,47.299999,45.82,47.235001,47.235001,2343319,0.0,0.0,1.4799989999999994,3.1332676376994244
2025-11-13,TDG,1322.530029,1357.949951,1318.185059,1341.700073,1341.700073,293449,0.0,0.0,39.764892000000145,2.9637690867145197
2025-11-13,TDY,518.950012,521.47998,505.809998,506.5,506.5,254022,0.0,0.0,15.669981999999948,3.093777295162872
2025-11-13,TECH,60.57,62.305,60.365002,61.404999,61.404999,1026538,0.0,0.0,1.9399980000000028,3.1593486386996004
2025-11-13,TEL,244.259995,245.429901,235.75,236.509995,236.509995,996238,0.0,0.0,9.679901000000001,4.092808424438892
2025-11-13,TER,176.270004,177.0,167.600006,169.0,169.0,2318635,0.0,0.0,9.399993999999992,5.56212662721893
2025-11-13,TFC,45.5,45.970001,45.439999,45.4743,45.4743,6691158,0.0,0.0,0.5300020000000032,1.1654978746236955
2025-11-13,TGT,91.809998,92.614998,91.227203,91.349998,91.349998,4011767,0.0,0.0,1.387794999999997,1.5192063824675694
2025-11-13,TJX,146.970001,147.919998,146.380005,147.304993,147.304993,1921886,0.0,0.0,1.5399929999999813,1.0454452144741497
2025-11-13,TKO,181.380005,187.005005,179.699997,184.5,184.5,602558,0.0,0.0,7.305008000000015,3.9593539295393034
2025-11-13,TMO,586.099976,598.515015,578.25,590.950012,590.950012,1446206,0.0,0.0,20.26501499999995,3.4292265992880546
2025-11-13,TMUS,212.410004,216.792694,211.610001,215.619995,215.619995,3019355,0.0,0.0,5.182693,2.403623560050635
2025-11-13,TPL,1000.0,1026.129883,999.390015,1001.849976,1001.849976,61473,0.0,0.0,26.739868000000115,2.6690491231793088
2025-11-13,TPR,103.830002,104.040001,100.0,100.330002,100.330002,1441251,0.0,0.0,4.040001000000004,4.026712767333548
2025-11-13,TRGP,171.619995,171.884995,169.0,169.259995,169.259995,512311,0.0,0.0,2.8849950000000035,1.704475413697137
2025-11-13,TRMB,81.5,82.550003,78.040001,78.160004,78.160004,616133,0.0,0.0,4.510002,5.770217207256028
2025-11-13,TROW,104.510002,105.25,103.730003,104.040001,104.040001,456678,0.0,0.0,1.5199970000000036,1.4609736499329748
2025-11-13,TRV,286.23999,290.61499,284.799988,288.065002,288.065002,861233,0.0,0.0,5.815001999999993,2.018642306294464
2025-11-13,TSCO,55.889999,56.939999,55.799999,56.235001,56.235001,1777546,0.0,0.0,1.1400000000000006,2.0272072192192203
2025-11-13,TSLA,423.174988,424.5,396.420105,398.861511,398.861511,87020631,0.0,0.0,28.079895000000022,7.040011188244239
2025-11-13,TSN,54.169998,55.169998,54.07,54.810001,54.810001,1314286,0.0,0.0,1.0999979999999994,2.006929355830516
2025-11-13,TT,430.720001,438.119995,416.420013,417.295013,417.295013,918359,0.0,0.0,21.699982000000034,5.20015368599673
2025-11-13,TTD,43.5,43.860001,42.490002,42.889999,42.889999,5524883,0.0,0.0,1.369999,3.194215509307892
2025-11-13,TTWO,239.509995,242.070007,237.449997,238.139999,238.139999,608292,0.0,0.0,4.620010000000008,1.9400394807257928
2025-11-13,TXN,162.5,165.434998,162.5,163.074997,163.074997,3431417,0.0,0.0,2.9349980000000073,1.7997841815076088
2025-11-13,TXT,82.410004,83.120003,81.82,81.945,81.945,449839,0.0,0.0,1.3000030000000038,1.5864335835011334
2025-11-13,TYL,465.049988,468.98999,463.005005,465.580811,465.580811,159215,0.0,0.0,5.984984999999995,1.2854879021206043
2025-11-13,UAL,98.805,101.334999,97.190002,97.510002,97.510002,2848377,0.0,0.0,4.144996999999989,4.250842903274671
2025-11-13,UBER,93.699997,94.059998,91.529999,91.915001,91.915001,11080974,0.0,0.0,2.5299989999999895,2.752541992574193
2025-11-13,UDR,34.779999,34.860001,34.34,34.584999,34.584999,2010569,0.0,0.0,0.5200009999999935,1.5035449328768042
2025-11-13,UHS,228.350006,230.330002,224.020004,227.0,227.0,182645,0.0,0.0,6.309998000000007,2.779734801762118
2025-11-13,ULTA,537.179993,543.559998,531.869995,538.659973,538.659973,273179,0.0,0.0,11.690002999999933,2.1702007919567343
2025-11-13,UNH,338.350006,339.029999,331.290009,333.975006,333.975006,5400503,0.0,0.0,7.7399899999999775,2.317535702057889
2025-11-13,UNP,222.389999,223.619995,221.934998,222.490005,222.490005,1188153,0.0,0.0,1.6849969999999814,0.7573360430280818
2025-11-13,UPS,96.099998,97.114998,96.099998,96.43,96.43,3486829,0.0,0.0,1.0150000000000006,1.0525769988592768
2025-11-13,URI,858.969971,865.994995,845.590027,850.195007,850.195007,220292,0.0,0.0,20.404968000000054,2.4000338548212685
2025-11-13,USB,47.73,48.014999,47.360001,47.465,47.465,3121675,0.0,0.0,0.6549980000000062,1.3799599705045953
2025-11-13,V,339.035004,341.459991,337.019989,338.850006,338.850006,2567820,0.0,0.0,4.440001999999993,1.310314865392091
2025-11-13,VICI,30.5,30.83,30.389999,30.615,30.615,3422690,0.0,0.0,0.44000099999999875,1.4372072513473748
2025-11-13,VLO,178.110001,179.539993,176.061005,176.404999,176.404999,1018652,0.0,0.0,3.4789880000000153,1.9721595304677364
2025-11-13,VLTO,97.559998,99.25,97.010201,98.870003,98.870003,970572,0.0,0.0,2.239799000000005,2.265397928631604
2025-11-13,VMC,295.369995,297.329987,288.109985,289.820007,289.820007,529782,0.0,0.0,9.220002000000022,3.1812855487233573
2025-11-13,VRSK,212.639999,221.529999,211.050003,221.25,221.25,828104,0.0,0.0,10.479996,4.736721355932203
2025-11-13,VRSN,250.820007,255.679993,250.350006,252.780106,252.780106,393673,0.0,0.0,5.3299869999999885,2.1085468648391137
2025-11-13,VRTX,434.015015,441.170013,430.845001,434.869995,434.869995,784710,0.0,0.0,10.325011999999958,2.374275557917018
2025-11-13,VST,176.910004,177.960007,170.520004,172.434998,172.434998,3427976,0.0,0.0,7.44000299999999,4.314671085506661
2025-11-13,VTR,77.0,77.529999,76.639999,77.169998,77.169998,1247401,0.0,0.0,0.8900000000000006,1.1532979435868336
2025-11-13,VTRS,10.96,11.14,10.9537,10.99,10.99,2859819,0.0,0.0,0.18630000000000102,1.6951774340309465
2025-11-13,VZ,40.84,41.724998,40.740002,41.405499,41.405499,20306651,0.0,0.0,0.9849960000000024,2.378901411138657
2025-11-13,WAB,209.789993,210.585007,204.381302,205.550003,205.550003,509533,0.0,0.0,6.203704999999985,3.0181001748756895
2025-11-13,WAT,382.940002,390.579987,380.23999,385.660004,385.660004,244328,0.0,0.0,10.33999700000004,2.6811172775904546
2025-11-13,WBD,22.129999,22.490999,21.870001,22.021,22.021,17999269,0.0,0.0,0.6209980000000002,2.8200263384950732
2025-11-13,WDAY,224.460007,227.059998,223.199997,224.190002,224.190002,1227831,0.0,0.0,3.860001000000011,1.7217543001761566
2025-11-13,WDC,162.695007,164.882294,154.779999,156.919998,156.919998,7638411,0.0,0.0,10.102294999999998,6.437863324469325
2025-11-13,WEC,111.970001,112.349998,111.105003,112.139999,112.139999,594412,0.0,0.0,1.244995000000003,1.1102149198342717
2025-11-13,WELL,192.139999,192.607498,190.180206,190.544998,190.544998,1707954,0.0,0.0,2.4272919999999942,1.2738681285141866
2025-11-13,WFC,86.160004,86.889198,85.0802,85.394997,85.394997,8804907,0.0,0.0,1.8089979999999883,2.1183887388625218
2025-11-13,WM,204.0,207.440002,203.559998,206.550003,206.550003,1238754,0.0,0.0,3.8800039999999854,1.8784816962699271
2025-11-13,WMB,60.669998,61.02,59.240002,59.325001,59.325001,4659585,0.0,0.0,1.7799980000000062,3.0004179856651096
2025-11-13,WMT,103.589996,103.93,102.019997,102.339996,102.339996,10304208,0.0,0.0,1.9100030000000032,1.8663309308708624
2025-11-13,WRB,76.699997,77.394997,76.669998,77.224998,77.224998,1098673,0.0,0.0,0.7249989999999968,0.9388138799304299
2025-11-13,WSM,191.259995,194.490005,187.880005,188.279999,188.279999,301596,0.0,0.0,6.609999999999985,3.5107287205796007
2025-11-13,WST,269.559998,274.63501,268.720001,269.11499,269.11499,201338,0.0,0.0,5.915008999999998,2.1979485423684495
2025-11-13,WTW,319.609985,323.690002,317.899994,322.390015,322.390015,384213,0.0,0.0,5.790008,1.795963811100043
2025-11-13,WY,22.370001,22.705,22.280001,22.594999,22.594999,2851893,0.0,0.0,0.4249989999999997,1.880942769681024
2025-11-13,WYNN,124.57,125.730003,122.860001,124.330002,124.330002,511223,0.0,0.0,2.8700019999999995,2.3083744501186443
2025-11-13,XEL,80.720001,81.169998,80.5,81.019997,81.019997,2048571,0.0,0.0,0.6699980000000068,0.8269538691787495
2025-11-13,XOM,118.629997,119.75,118.279999,119.144997,119.144997,8207352,0.0,0.0,1.4700009999999963,1.2337916295385836
2025-11-13,XYL,149.720001,150.509995,148.360001,148.809998,148.809998,604015,0.0,0.0,2.1499939999999924,1.4447913640856256
2025-11-13,XYZ,65.370003,65.650002,61.650002,61.759998,61.759998,5151693,0.0,0.0,4.0,6.4766841475610155
2025-11-13,YUM,150.350006,150.559998,149.029999,150.039993,150.039993,794384,0.0,0.0,1.5299990000000037,1.019727453599657
2025-11-13,ZBH,89.489998,91.080002,89.625,90.855003,90.855003,908726,0.0,0.0,1.4550019999999932,1.6014550128846436
2025-11-13,ZBRA,255.0,257.5,244.369995,244.910004,244.910004,440742,0.0,0.0,13.130005000000011,5.361155030645466
2025-11-13,ZTS,121.080002,122.519997,120.760002,121.610001,121.610001,1874554,0.0,0.0,1.7599950000000035,1.447245280427227
