Datetime,Symbol,Open,High,Low,Close,Adj Close,Volume
2025-11-13,MMM,170.419998,172.510101,169.601395,169.824997,169.824997,1505799
2025-11-13,AOS,66.510002,67.220001,66.150002,66.550003,66.550003,600342
2025-11-13,ABT,128.509995,129.589996,128.0,129.360001,129.360001,2440605
2025-11-13,ABBV,233.740005,239.289993,233.205002,236.360001,236.360001,4671491
2025-11-13,ACN,245.429993,248.580002,244.315002,247.460007,247.460007,1852900
2025-11-13,ADBE,335.0,339.98999,333.674988,333.674988,333.674988,1705518
2025-11-13,AMD,251.899994,259.63089,246.059998,248.031006,248.031006,47308159
2025-11-13,AES,14.01,14.135,13.64,13.71,13.71,5077682
2025-11-13,AFL,114.699997,115.349998,114.279999,115.25,115.25,1281364
2025-11-13,A,149.440002,152.095001,149.154999,149.414993,149.414993,678525
2025-11-13,APD,260.0,264.299988,260.0,262.545013,262.545013,506872
2025-11-13,ABNB,121.504997,123.394997,121.010696,121.495003,121.495003,1919356
2025-11-13,AKAM,89.970001,91.8545,89.300003,90.040001,90.040001,1606836
2025-11-13,ALB,112.349998,119.279999,112.099998,114.099998,114.099998,5317135
2025-11-13,ARE,53.220001,53.672001,52.259998,52.73,52.73,1307465
2025-11-13,ALGN,140.320007,143.419998,139.419998,140.059998,140.059998,485411
2025-11-13,ALLE,168.369995,169.449997,165.5,165.619995,165.619995,269330
2025-11-13,LNT,68.029999,68.260002,67.300003,68.019997,68.019997,769320
2025-11-13,ALL,209.580002,211.75,207.970001,211.410004,211.410004,808522
2025-11-13,GOOGL,282.299988,282.839996,277.23999,278.76001,278.76001,17925641
2025-11-13,GOOG,282.984985,283.51001,278.0,279.430511,279.430511,10191095
2025-11-13,MO,58.200001,58.275002,57.540001,58.09,58.09,4780288
2025-11-13,AMZN,243.100006,243.729996,237.800003,238.559998,238.559998,24553665
2025-11-13,AMCR,8.55,8.75,8.53,8.6555,8.6555,15444511
2025-11-13,AEE,105.419998,105.360001,103.985001,105.154999,105.154999,766105
2025-11-13,AEP,122.25,123.029999,121.834999,122.650002,122.650002,1126003
2025-11-13,AXP,371.089996,373.8909,366.620789,367.190002,367.190002,982694
2025-11-13,AIG,78.110001,79.230003,77.900002,79.099998,79.099998,1868436
2025-11-13,AMT,183.020004,184.220001,181.850006,182.600006,182.600006,1413488
2025-11-13,AWK,128.610001,131.339996,128.0,131.214996,131.214996,757003
2025-11-13,AMP,467.920013,470.204987,462.434998,463.029999,463.029999,259859
2025-11-13,AME,196.419998,197.279999,193.867798,194.154999,194.154999,731397
2025-11-13,AMGN,337.809998,345.779999,336.0,339.609985,339.609985,1625470
2025-11-13,APH,141.179993,141.350006,134.850006,135.699997,135.699997,5617793
2025-11-13,ADI,239.639999,241.315002,236.330002,236.960007,236.960007,2281609
2025-11-13,AON,349.940002,352.850006,347.274994,350.950012,350.950012,499272
2025-11-13,APA,24.0,25.799999,24.0,24.59,24.59,16094411
2025-11-13,APO,133.5,134.718002,130.619995,131.089996,131.089996,2115468
2025-11-13,AAPL,274.269989,276.699005,272.100006,273.404999,273.404999,26709344
2025-11-13,AMAT,227.389999,229.0,220.485001,220.940002,220.940002,5410023
2025-11-13,APP,579.775024,580.427917,542.5,549.47998,549.47998,3724811
2025-11-13,APTV,82.720001,83.559998,81.260002,81.445,81.445,737457
2025-11-13,ACGL,92.0,93.580002,91.849998,93.305,93.305,984212
2025-11-13,ADM,57.889999,59.720001,57.849998,59.483501,59.483501,1752509
2025-11-13,ANET,134.429993,135.580002,129.5,130.039993,130.039993,5547501
2025-11-13,AJG,255.289993,259.450012,254.463501,257.545013,257.545013,1008570
2025-11-13,AIZ,226.759995,228.559998,226.339996,228.110001,228.110001,94052
2025-11-13,T,25.65,25.959999,25.559999,25.809999,25.809999,28710784
2025-11-13,ATO,178.220001,180.324997,177.860001,180.054993,180.054993,493116
2025-11-13,ADSK,300.5,301.790009,297.079987,297.214813,297.214813,364091
2025-11-13,ADP,252.850006,255.039993,250.649994,254.669998,254.669998,878642
2025-11-13,AZO,3867.060059,3886.282471,3817.782959,3860.0,3860.0,56512
2025-11-13,AVB,176.580002,178.259995,176.330002,177.630005,177.630005,458063
2025-11-13,AVY,174.100006,176.740005,173.229996,176.5,176.5,306611
2025-11-13,AXON,566.75,579.98999,560.920105,561.0,561.0,640531
2025-11-13,BKR,47.57,48.490002,47.5,47.799999,47.799999,2183080
2025-11-13,BALL,46.740002,48.27,46.689999,48.16,48.16,1702271
2025-11-13,BAC,53.790001,54.209999,53.165001,53.257599,53.257599,18273194
2025-11-13,BAX,18.629999,18.92,18.540001,18.715,18.715,4749747
2025-11-13,BDX,191.690002,195.740005,191.264999,192.809998,192.809998,1978037
2025-11-13,BRK-B,504.820007,514.259888,504.820007,512.669983,512.669983,3953109
2025-11-13,BBY,77.410004,78.035004,76.0,76.260002,76.260002,1603433
2025-11-13,TECH,60.57,62.305,60.365002,61.404999,61.404999,1026538
2025-11-13,BIIB,161.570007,167.869904,161.199997,166.639999,166.639999,1682300
2025-11-13,BLK,1090.369995,1093.359985,1066.469971,1068.469971,1068.469971,241296
2025-11-13,BX,142.949997,143.660004,137.960007,138.449997,138.449997,6317788
2025-11-13,XYZ,65.370003,65.650002,61.650002,61.759998,61.759998,5151693
2025-11-13,BK,112.25,112.855003,111.050003,111.220001,111.220001,1301830
2025-11-13,BA,195.630005,196.084396,193.110001,195.080002,195.080002,3821084
2025-11-13,BKNG,5199.169922,5235.837891,5144.365234,5162.509766,5162.509766,158524
2025-11-13,BSX,103.300003,105.650002,102.610001,105.470001,105.470001,4971318
2025-11-13,BMY,49.02,49.990002,48.98,49.360001,49.360001,7759580
2025-11-13,AVGO,351.579987,353.51001,334.160004,335.429993,335.429993,12731185
2025-11-13,BR,222.220001,225.610001,220.429993,225.449997,225.449997,264748
2025-11-13,BRO,80.199997,81.370003,80.055,80.305,80.305,1414343
2025-11-13,BF-B,27.51,28.245001,27.49,27.985001,27.985001,1892771
2025-11-13,BLDR,105.650002,107.879997,104.099998,104.385002,104.385002,987962
2025-11-13,BG,96.239998,98.389999,96.050003,97.574997,97.574997,699306
2025-11-13,BXP,71.480003,72.150002,71.25,71.300003,71.300003,631468
2025-11-13,CHRW,153.098007,153.759995,151.490005,152.550003,152.550003,699066
2025-11-13,CDNS,314.890015,317.470001,312.98999,313.480011,313.480011,851816
2025-11-13,CPT,102.239998,102.93,101.959999,102.190002,102.190002,500853
2025-11-13,CPB,31.059999,31.665001,30.945,31.565001,31.565001,3936102
2025-11-13,COF,220.610001,223.320007,217.169998,217.4767,217.4767,1735381
2025-11-13,CAH,202.960007,205.889999,201.595001,205.639999,205.639999,1013722
2025-11-13,CCL,27.110001,27.41,25.969999,26.1,26.1,10711379
2025-11-13,CARR,55.950001,57.110001,55.709999,55.84,55.84,3089068
2025-11-13,CAT,572.77002,576.819885,544.640015,545.6651,545.6651,2016658
2025-11-13,CBOE,260.98999,261.359985,258.850006,260.690002,260.690002,303421
2025-11-13,CBRE,154.029999,156.5,153.731995,153.770004,153.770004,499200
2025-11-13,CDW,146.020004,150.350006,146.020004,146.755005,146.755005,791629
2025-11-13,COR,362.880005,365.589996,361.040985,364.609985,364.609985,553733
2025-11-13,CNC,35.799999,36.5,35.459999,35.98,35.98,4111879
2025-11-13,CNP,39.43,39.855,39.200001,39.814999,39.814999,1506775
2025-11-13,CF,85.089996,85.309998,84.550003,84.849998,84.849998,706261
2025-11-13,CRL,169.339996,175.100006,168.360001,169.654999,169.654999,732910
2025-11-13,SCHW,97.870003,98.260002,95.669998,95.680199,95.680199,3829847
2025-11-13,CHTR,212.610001,213.024994,207.220093,207.710007,207.710007,1157803
2025-11-13,CVX,154.0,156.202499,153.940002,155.449997,155.449997,4152635
2025-11-13,CMG,31.4,31.924999,31.27,31.360001,31.360001,13788889
2025-11-13,CB,294.970001,298.359985,294.859985,296.98999,296.98999,824667
2025-11-13,CHD,85.959999,85.970001,85.230003,85.379997,85.379997,719135
2025-11-13,CI,270.75,275.25,270.75,275.130005,275.130005,1216849
2025-11-13,CINF,166.710007,167.950897,166.710007,167.199997,167.199997,172065
2025-11-13,CTAS,185.119995,189.645004,184.779999,189.210007,189.210007,1151934
2025-11-13,CSCO,77.949997,79.5,76.650002,77.544998,77.544998,36646422
2025-11-13,C,102.449997,103.569901,101.050003,101.290001,101.290001,6268184
2025-11-13,CFG,52.330002,52.7901,51.849998,51.919998,51.919998,1276690
2025-11-13,CLX,105.0,106.0,104.849998,105.32,105.32,923352
2025-11-13,CME,280.649994,287.735504,280.644989,286.519989,286.519989,1185013
2025-11-13,CMS,74.620003,74.910004,73.82,74.805,74.805,978773
2025-11-13,KO,71.415001,71.667503,71.019997,71.559998,71.559998,7320203
2025-11-13,CTSH,73.925003,74.754997,73.599998,74.044998,74.044998,2038992
2025-11-13,COIN,301.579987,303.959991,281.377502,282.040009,282.040009,6831362
2025-11-13,CL,78.629997,79.339996,78.480003,78.995003,78.995003,3484017
2025-11-13,CMCSA,27.76,28.275,27.76,28.245001,28.245001,17097806
2025-11-13,CAG,17.370001,17.655001,17.32,17.535,17.535,5195720
2025-11-13,COP,89.540001,90.660004,89.300003,89.485001,89.485001,2942327
2025-11-13,ED,100.199997,101.169998,99.120003,101.089996,101.089996,763920
2025-11-13,STZ,129.710007,131.520004,129.360001,130.520004,130.520004,1207080
2025-11-13,CEG,350.0,350.679993,333.799988,334.589996,334.589996,2253414
2025-11-13,COO,71.0,72.739998,70.889999,72.394997,72.394997,1351739
2025-11-13,CPRT,41.060001,41.900002,40.799999,41.805,41.805,4460086
2025-11-13,GLW,88.400002,88.690002,81.699997,82.0,82.0,6577279
2025-11-13,CPAY,284.859985,289.600403,282.769989,284.045013,284.045013,258951
2025-11-13,CTVA,66.684998,67.0,66.269997,66.470001,66.470001,1668912
2025-11-13,CSGP,68.5,69.129997,68.309998,68.440002,68.440002,1934223
2025-11-13,COST,916.349976,923.979919,911.719971,922.190002,922.190002,1092913
2025-11-13,CTRA,25.950001,26.299999,25.889999,25.895,25.895,4218653
2025-11-13,CRWD,540.98999,543.849976,526.159973,527.344971,527.344971,1299010
2025-11-13,CCI,93.209999,93.190002,91.449997,91.769997,91.769997,1664074
2025-11-13,CSX,35.314999,35.419998,34.924999,34.945,34.945,5937007
2025-11-13,CMI,477.140015,480.899994,462.709991,463.083496,463.083496,434540
2025-11-13,CVS,79.230003,79.989998,78.519997,79.510002,79.510002,3589548
2025-11-13,DHR,217.759995,226.609894,217.539993,223.699997,223.699997,3641893
2025-11-13,DRI,175.539993,178.639999,175.210007,176.309998,176.309998,447273
2025-11-13,DDOG,190.0,190.589996,185.320007,186.585007,186.585007,2428503
2025-11-13,DVA,122.669998,124.849998,122.614998,123.529999,123.529999,330692
2025-11-13,DAY,68.949997,68.985001,68.860001,68.895401,68.895401,1050383
2025-11-13,DECK,83.800003,85.959999,83.361198,83.650002,83.650002,1682844
2025-11-13,DE,481.320007,482.785004,476.059998,477.970001,477.970001,494555
2025-11-13,DELL,139.800003,140.100006,132.779999,133.130005,133.130005,4083169
2025-11-13,DAL,60.369999,61.419998,59.799999,59.799999,59.799999,4556681
2025-11-13,DVN,35.369999,35.68,34.965,34.965,34.965,4711415
2025-11-13,DXCM,59.195,60.849998,59.195,59.869999,59.869999,3653880
2025-11-13,FANG,145.100006,147.178802,144.929001,145.050003,145.050003,694881
2025-11-13,DLR,162.660004,163.5,158.039993,158.649994,158.649994,1250321
2025-11-13,DG,103.665001,105.029999,103.139999,104.760002,104.760002,1033089
2025-11-13,DLTR,102.485001,104.650002,101.709999,103.014999,103.014999,1767725
2025-11-13,D,61.009998,61.379002,60.560001,60.990002,60.990002,2326448
2025-11-13,DPZ,404.630005,412.299988,403.98999,409.5,409.5,285006
2025-11-13,DASH,197.779999,203.0,195.122192,196.324997,196.324997,3890743
2025-11-13,DOV,182.990005,184.630005,182.399994,182.494995,182.494995,493052
2025-11-13,DOW,22.15,23.16,22.07,23.014999,23.014999,12809120
2025-11-13,DHI,143.949997,146.115005,143.124298,144.899994,144.899994,1047191
2025-11-13,DTE,139.860001,139.990005,137.800003,139.919998,139.919998,618559
2025-11-13,DUK,123.760002,124.589996,123.100304,124.440002,124.440002,1479160
2025-11-13,DD,40.790001,41.18,40.580101,40.599998,40.599998,2316100
2025-11-13,ETN,367.089996,368.480011,353.649994,353.880005,353.880005,1544312
2025-11-13,EBAY,87.790001,88.4412,85.010002,85.279999,85.279999,2398189
2025-11-13,ECL,260.730011,263.690002,258.01001,263.429993,263.429993,531068
2025-11-13,EIX,58.389999,59.34,58.389999,59.209999,59.209999,976069
2025-11-13,EW,85.080002,87.205002,84.940002,86.440002,86.440002,2677309
2025-11-13,EA,201.75,202.100006,201.600006,201.774994,201.774994,714668
2025-11-13,ELV,325.609985,332.660004,321.540009,327.440002,327.440002,960744
2025-11-13,EME,641.609985,644.11499,615.530029,618.909973,618.909973,269048
2025-11-13,EMR,131.419998,132.695007,128.520004,128.570007,128.570007,947958
2025-11-13,ETR,95.43,95.995003,94.739998,95.239998,95.239998,1242933
2025-11-13,EOG,109.370003,110.519997,109.345001,109.459999,109.459999,1281593
2025-11-13,EPAM,177.940002,182.600006,177.801498,180.320007,180.320007,596581
2025-11-13,EQT,60.849998,61.259998,60.41,60.759998,60.759998,4690057
2025-11-13,EFX,206.009995,210.139999,204.190002,208.149994,208.149994,484061
2025-11-13,EQIX,810.0,812.617798,786.719971,787.844971,787.844971,253662
2025-11-13,EQR,59.16,59.82,59.16,59.525002,59.525002,970507
2025-11-13,ERIE,284.100006,290.049988,282.774994,288.920013,288.920013,43362
2025-11-13,ESS,252.449997,255.910004,252.020004,255.160004,255.160004,264553
2025-11-13,EL,91.919998,92.699997,90.375,90.474998,90.474998,1685150
2025-11-13,EG,326.76001,330.369995,324.730011,329.5401,329.5401,172898
2025-11-13,EVRG,77.050003,77.165001,76.440002,76.900002,76.900002,700054
2025-11-13,ES,73.470001,74.074997,73.129997,74.003601,74.003601,762951
2025-11-13,EXC,45.869999,46.259998,45.689999,45.865002,45.865002,3458989
2025-11-13,EXE,119.160004,120.0,117.830002,118.57,118.57,1672675
2025-11-13,EXPE,273.649994,279.609985,268.290009,268.320007,268.320007,1251624
2025-11-13,EXPD,140.149994,140.529999,138.085007,138.384995,138.384995,515245
2025-11-13,EXR,132.5,133.580002,131.759995,132.154999,132.154999,468619
2025-11-13,XOM,118.629997,119.75,118.279999,119.144997,119.144997,8207352
2025-11-13,FFIV,240.169998,241.880005,237.095001,238.539993,238.539993,438836
2025-11-13,FDS,269.459991,280.119995,268.25,279.690002,279.690002,403539
2025-11-13,FICO,1776.0,1791.349976,1744.369995,1754.285034,1754.285034,76274
2025-11-13,FAST,40.700001,41.244999,40.619999,41.07,41.07,3457640
2025-11-13,FRT,97.099998,98.735001,97.029999,97.669998,97.669998,289445
2025-11-13,FDX,269.859985,271.119995,268.179993,268.75,268.75,543030
2025-11-13,FIS,66.040001,66.449997,65.409798,65.580002,65.580002,1394171
2025-11-13,FITB,43.060001,43.380001,42.724998,42.740002,42.740002,3965271
2025-11-13,FSLR,267.5,269.769989,255.839996,257.820007,257.820007,1339105
2025-11-13,FE,46.209999,46.330002,45.869999,46.110001,46.110001,985179
2025-11-13,FISV,64.849998,66.949997,64.370102,64.809998,64.809998,5162491
2025-11-13,F,13.4,13.5,13.32,13.3579,13.3579,50346178
2025-11-13,FTNT,81.449997,82.550003,81.074997,81.160004,81.160004,2068797
2025-11-13,FTV,52.049999,52.654999,51.939999,52.310001,52.310001,2175854
2025-11-13,FOXA,66.349998,66.639999,65.599998,65.970001,65.970001,1569853
2025-11-13,FOX,60.16,60.224998,59.16,59.380001,59.380001,1130750
2025-11-13,BEN,22.9,23.055599,22.4,22.405001,22.405001,1371236
2025-11-13,FCX,41.849998,41.884998,40.244999,40.25,40.25,5531583
2025-11-13,GRMN,199.449997,199.949997,195.899994,196.150497,196.150497,474560
2025-11-13,IT,228.289993,234.100006,225.649994,231.270004,231.270004,532435
2025-11-13,GE,309.980011,311.380005,302.579987,304.855011,304.855011,1854468
2025-11-13,GEHC,74.339996,75.589996,74.25,75.129997,75.129997,1134341
2025-11-13,GEV,574.320007,574.315002,537.359985,538.080017,538.080017,2517658
2025-11-13,GEN,26.950001,27.18,26.715,26.725,26.725,2672469
2025-11-13,GNRC,160.699997,163.929993,155.779999,156.759995,156.759995,700008
2025-11-13,GD,349.579987,350.0,344.700012,344.964996,344.964996,500673
2025-11-13,GIS,46.560001,47.735001,46.485001,47.619999,47.619999,3680070
2025-11-13,GM,72.160004,72.8526,71.699997,71.879997,71.879997,4920353
2025-11-13,GPC,128.759995,130.229996,128.179993,128.669998,128.669998,333186
2025-11-13,GILD,123.75,127.68,123.599998,126.199997,126.199997,4940392
2025-11-13,GPN,77.529999,78.080002,75.559998,75.68,75.68,579727
2025-11-13,GL,134.199997,134.917496,132.860001,133.059998,133.059998,165025
2025-11-13,GDDY,132.529999,133.339996,130.990005,131.035004,131.035004,643600
2025-11-13,GS,833.059998,841.179993,812.460022,813.849976,813.849976,1405649
2025-11-13,HAL,26.93,27.674999,26.93,27.264999,27.264999,5915648
2025-11-13,HIG,132.919998,134.240005,132.679993,134.044998,134.044998,455441
2025-11-13,HAS,78.82,79.599998,78.544998,78.639999,78.639999,490282
2025-11-13,HCA,469.790009,476.970001,466.570007,474.279999,474.279999,497458
2025-11-13,DOC,17.639999,17.725,17.555,17.584999,17.584999,2398847
2025-11-13,HSIC,72.510002,73.514999,72.260002,73.322502,73.322502,568499
2025-11-13,HSY,178.220001,181.440002,177.684998,180.130005,180.130005,1012783
2025-11-13,HPE,23.27,23.594999,22.719999,22.7645,22.7645,24653513
2025-11-13,HLT,274.790009,277.355011,272.339996,272.484985,272.484985,646199
2025-11-13,HOLX,74.559998,74.614998,74.275002,74.345001,74.345001,1380074
2025-11-13,HD,371.660004,373.515015,369.109985,369.422394,369.422394,1500799
2025-11-13,HON,201.270004,203.035004,200.869995,201.074997,201.074997,1533514
2025-11-13,HRL,22.209999,22.805,22.209999,22.775,22.775,2733107
2025-11-13,HST,17.959999,18.025,17.6,17.635,17.635,3678278
2025-11-13,HWM,205.860001,205.860001,201.389999,201.764999,201.764999,1214453
2025-11-13,HPQ,25.200001,25.434999,25.0501,25.174999,25.174999,5851844
2025-11-13,HUBB,450.859985,451.954987,436.179993,437.660004,437.660004,232780
2025-11-13,HUM,240.5,242.919998,237.850006,239.630005,239.630005,662236
2025-11-13,HBAN,15.84,15.99,15.76,15.785,15.785,11909506
2025-11-13,HII,320.0,321.040009,312.119995,313.019989,313.019989,196989
2025-11-13,IBM,312.290009,314.600006,305.670013,306.214996,306.214996,2418014
2025-11-13,IEX,169.699997,171.740707,168.410004,168.619995,168.619995,210247
2025-11-13,IDXX,709.830017,715.890015,701.484985,703.280029,703.280029,200062
2025-11-13,ITW,245.050003,247.009995,244.342896,245.880096,245.880096,444126
2025-11-13,INCY,107.269997,107.760002,105.029999,105.995003,105.995003,1236128
2025-11-13,IR,77.230003,78.220001,76.260002,76.364998,76.364998,837280
2025-11-13,PODD,334.869995,341.01001,332.010101,333.700012,333.700012,270814
2025-11-13,INTC,37.285,37.310001,35.509998,35.674999,35.674999,54872977
2025-11-13,IBKR,72.519997,72.519997,66.739998,66.989998,66.989998,3810553
2025-11-13,ICE,153.399994,154.229996,153.074997,153.800003,153.800003,1306981
2025-11-13,IFF,65.32,67.305,65.040001,67.294998,67.294998,1181727
2025-11-13,IP,38.380001,38.98,37.880001,38.105,38.105,1901668
2025-11-13,IPG,25.379999,25.535,25.165001,25.17,25.17,2249899
2025-11-13,INTU,655.51001,662.580017,649.340088,649.659973,649.659973,828189
2025-11-13,ISRG,563.77002,573.322083,561.0,567.059998,567.059998,940856
2025-11-13,IVZ,24.469999,24.559999,24.0,24.010599,24.010599,1526383
2025-11-13,INVH,28.889999,28.889999,28.299999,28.344999,28.344999,2652426
2025-11-13,IQV,218.699997,228.119995,217.610001,225.419998,225.419998,1448064
2025-11-13,IRM,97.339996,97.606796,91.199997,91.894997,91.894997,2274272
2025-11-13,JBHT,168.320007,170.039993,166.169998,166.789993,166.789993,319461
2025-11-13,JBL,212.119995,213.557495,200.0,200.270004,200.270004,645224
2025-11-13,JKHY,166.729996,168.429993,166.085007,166.835007,166.835007,359633
2025-11-13,J,154.839996,156.289993,153.070007,153.149994,153.149994,310079
2025-11-13,JNJ,194.210007,196.0,193.449997,195.669998,195.669998,4252110
2025-11-13,JCI,122.730003,123.650002,119.745003,120.714996,120.714996,1853989
2025-11-13,JPM,319.230011,320.632507,310.810089,311.320007,311.320007,3910642
2025-11-13,K,83.400002,83.400002,83.294998,83.370003,83.370003,756571
2025-11-13,KVUE,16.790001,17.059999,16.75,16.889999,16.889999,18925706
2025-11-13,KDP,26.879999,27.16,26.785,27.055,27.055,14674904
2025-11-13,KEY,17.74,17.924999,17.6507,17.655001,17.655001,9781332
2025-11-13,KEYS,182.610001,184.110001,177.889999,178.0,178.0,451314
2025-11-13,KMB,104.849998,105.699997,104.370003,104.910004,104.910004,3470134
2025-11-13,KIM,20.5,20.690001,20.455,20.459999,20.459999,1277588
2025-11-13,KMI,27.08,27.200001,26.885,26.889999,26.889999,8015531
2025-11-13,KKR,122.43,123.599998,118.819,119.669998,119.669998,5049855
2025-11-13,KLAC,1190.900024,1192.77002,1148.709961,1158.319946,1158.319946,496722
2025-11-13,KHC,24.73,25.205,24.709999,25.145,25.145,11103825
2025-11-13,KR,65.580002,66.125,65.389999,66.07,66.07,2587427
2025-11-13,LHX,301.049988,301.724396,291.279999,291.549988,291.549988,560101
2025-11-13,LH,264.76001,270.470001,263.529999,268.25,268.25,554638
2025-11-13,LRCX,159.210007,160.300003,152.210999,152.684998,152.684998,6832017
2025-11-13,LW,58.32,59.150002,58.029999,58.330002,58.330002,654520
2025-11-13,LVS,66.470001,66.910004,65.110001,66.260002,66.260002,6719305
2025-11-13,LDOS,193.880005,195.389999,190.949997,191.5,191.5,278829
2025-11-13,LEN,122.830002,124.165001,122.019997,122.714996,122.714996,1905013
2025-11-13,LII,481.839996,488.980011,479.065002,480.295013,480.295013,226611
2025-11-13,LLY,1010.085022,1032.949951,1010.085022,1024.910034,1024.910034,2870999
2025-11-13,LIN,427.200012,428.689911,420.920013,427.640015,427.640015,1386470
2025-11-13,LYV,139.690002,140.259995,136.940002,137.639999,137.639999,1178465
2025-11-13,LKQ,31.030001,31.940001,30.950001,31.83,31.83,2065036
2025-11-13,LMT,458.01001,460.910004,456.429993,458.380005,458.380005,420629
2025-11-13,L,103.980003,105.089996,103.790001,104.919998,104.919998,259315
2025-11-13,LOW,234.449997,236.649994,233.050003,233.264999,233.264999,1527285
2025-11-13,LULU,170.289993,173.229904,169.0,169.929993,169.929993,1315399
2025-11-13,LYB,43.41,45.669998,43.34,45.41,45.41,3159645
2025-11-13,MTB,187.979996,188.630005,187.009995,187.125,187.125,342045
2025-11-13,MPC,197.229996,199.402496,195.160004,195.160004,195.160004,946397
2025-11-13,MAR,290.059998,293.48999,289.220001,289.375,289.375,618291
2025-11-13,MMC,182.889999,184.326004,182.539993,184.100006,184.100006,1166679
2025-11-13,MLM,614.599976,616.742981,604.289978,608.102478,608.102478,195478
2025-11-13,MAS,62.189999,63.049999,62.139999,62.18,62.18,840320
2025-11-13,MA,559.880005,563.590027,555.72998,558.900024,558.900024,893183
2025-11-13,MTCH,32.91,33.049999,32.540001,32.619999,32.619999,1457417
2025-11-13,MKC,65.559998,66.739998,65.559998,66.360001,66.360001,1333076
2025-11-13,MCD,307.299988,310.100006,306.5,308.470001,308.470001,1238570
2025-11-13,MCK,837.02002,849.741577,836.950012,845.5,845.5,264715
2025-11-13,MDT,95.0,96.709999,94.639999,96.610001,96.610001,2872389
2025-11-13,MRK,91.309998,94.260002,90.900002,93.485001,93.485001,10070706
2025-11-13,META,613.070007,617.650024,603.0,606.390015,606.390015,14378610
2025-11-13,MET,79.949997,80.650002,79.080002,79.459999,79.459999,2285014
2025-11-13,MTD,1433.569946,1462.150024,1429.305054,1432.23999,1432.23999,55899
2025-11-13,MGM,33.0,33.549999,33.0,33.145,33.145,2024423
2025-11-13,MCHP,55.049999,56.080002,54.639999,54.66,54.66,3465071
2025-11-13,MU,243.600006,249.5,230.160004,231.244995,231.244995,20807677
2025-11-13,MSFT,510.309998,513.5,502.940002,503.859985,503.859985,12199447
2025-11-13,MAA,130.679993,131.539993,130.578598,130.699997,130.699997,505923
2025-11-13,MRNA,26.014999,26.17,24.85,24.985001,24.985001,6416658
2025-11-13,MHK,109.57,110.330002,108.675003,108.839996,108.839996,240222
2025-11-13,MOH,140.110001,141.799896,138.649994,139.299896,139.299896,974928
2025-11-13,TAP,46.0,47.299999,45.82,47.235001,47.235001,2343319
2025-11-13,MDLZ,57.07,57.720001,56.75,57.505001,57.505001,3951388
2025-11-13,MPWR,950.669983,958.780029,920.76001,922.570007,922.570007,252768
2025-11-13,MNST,70.389999,71.875,70.080002,71.550003,71.550003,3112960
2025-11-13,MCO,490.269989,493.640015,485.309998,491.734985,491.734985,354494
2025-11-13,MS,169.304993,170.350006,166.419998,166.664993,166.664993,2474939
2025-11-13,MOS,25.629999,25.99,25.530001,25.780001,25.780001,2684216
2025-11-13,MSI,390.720001,391.480011,384.920013,385.359985,385.359985,665224
2025-11-13,MSCI,575.97998,577.98999,569.619995,574.180115,574.180115,237963
2025-11-13,NDAQ,88.290001,88.604897,87.379997,87.540001,87.540001,797223
2025-11-13,NTAP,111.0,111.779999,109.57,109.790001,109.790001,696601
2025-11-13,NFLX,1158.5,1167.329956,1145.689941,1150.76001,1150.76001,2504587
2025-11-13,NEM,93.220001,93.75,89.57,89.796997,89.796997,5711843
2025-11-13,NWSA,26.57,26.85,26.325001,26.344999,26.344999,2592699
2025-11-13,NWS,30.18,30.280001,29.780001,29.815001,29.815001,375186
2025-11-13,NEE,85.779999,85.93,84.480202,85.101799,85.101799,4915350
2025-11-13,NKE,65.709999,66.130203,64.889999,66.004997,66.004997,13342036
2025-11-13,NI,43.490002,43.564999,42.23,42.955002,42.955002,2935264
2025-11-13,NDSN,236.050003,237.815002,233.880005,234.839996,234.839996,129542
2025-11-13,NSC,286.049988,286.579987,284.359985,284.429993,284.429993,558116
2025-11-13,NTRS,131.520004,132.330002,129.229996,129.369995,129.369995,434982
2025-11-13,NOC,563.23999,563.409973,558.119995,561.02002,561.02002,361763
2025-11-13,NCLH,18.924999,19.290001,18.58,18.700001,18.700001,7742653
2025-11-13,NRG,167.740005,169.229996,164.949997,165.725006,165.725006,1749686
2025-11-13,NUE,149.009995,149.9599,144.139999,144.830002,144.830002,619660
2025-11-13,NVDA,191.039993,191.440002,183.850006,184.654999,184.654999,141262459
2025-11-13,NVR,7256.689941,7365.064941,7300.069824,7322.785156,7322.785156,9129
2025-11-13,NXPI,202.919998,204.740005,200.119995,200.539993,200.539993,882941
2025-11-13,ORLY,98.129997,99.754997,98.129997,99.419998,99.419998,1966687
2025-11-13,OXY,42.16,42.449902,41.764999,41.790001,41.790001,4759435
2025-11-13,ODFL,138.009995,139.630005,135.529999,135.966705,135.966705,865793
2025-11-13,OMC,73.900002,74.279999,73.290001,73.309998,73.309998,974777
2025-11-13,ON,48.860001,50.314999,48.119999,48.150002,48.150002,4139989
2025-11-13,OKE,69.110001,70.0,69.059998,69.275002,69.275002,2194384
2025-11-13,ORCL,224.990005,225.149994,215.220001,216.259995,216.259995,19743619
2025-11-13,OTIS,91.0,91.400002,90.559998,90.974998,90.974998,959193
2025-11-13,PCAR,98.050003,98.940002,97.349998,97.360001,97.360001,814467
2025-11-13,PKG,200.990005,202.929993,199.375,200.585007,200.585007,307686
2025-11-13,PLTR,182.0,182.699997,171.036804,171.485001,171.485001,45740834
2025-11-13,PANW,210.039993,211.990005,203.181198,203.770004,203.770004,2835970
2025-11-13,PSKY,15.4063,15.79,15.285,15.44,15.44,2967569
2025-11-13,PH,849.320007,856.450012,841.969971,842.219971,842.219971,293908
2025-11-13,PAYX,110.690002,111.769997,109.989998,111.639999,111.639999,1342485
2025-11-13,PAYC,166.009995,167.070007,164.0,164.755005,164.755005,422526
2025-11-13,PYPL,66.510002,67.279999,65.559998,65.739998,65.739998,6218777
2025-11-13,PNR,107.959999,109.349998,107.559998,107.669998,107.669998,254577
2025-11-13,PEP,144.125,146.389999,143.649994,146.059998,146.059998,3107089
2025-11-13,PFE,25.940001,26.475,25.770201,25.855,25.855,62626576
2025-11-13,PCG,16.68,16.8351,16.639999,16.7591,16.7591,13144337
2025-11-13,PM,155.690002,156.059998,153.0,155.820007,155.820007,3301116
2025-11-13,PSX,138.339996,140.580002,138.339996,139.550003,139.550003,930626
2025-11-13,PNW,88.830002,89.099998,88.089996,88.938499,88.938499,794144
2025-11-13,PNC,186.600006,187.0,185.145004,185.309998,185.309998,501762
2025-11-13,POOL,248.869995,252.639999,245.789993,246.994995,246.994995,716625
2025-11-13,PPG,97.620003,98.769997,97.699997,98.339996,98.339996,854066
2025-11-13,PPL,36.740002,36.825001,36.189999,36.6702,36.6702,2789736
2025-11-13,PFG,85.239998,86.050003,84.760002,85.150002,85.150002,525383
2025-11-13,PG,148.179993,148.990005,147.639999,148.190002,148.190002,4147189
2025-11-13,PGR,222.279999,224.669006,221.759995,224.399994,224.399994,1345841
2025-11-13,PLD,124.089996,124.830002,123.295303,124.389999,124.389999,1726680
2025-11-13,PRU,107.580002,108.330002,107.230003,108.040001,108.040001,718459
2025-11-13,PEG,83.309998,83.639999,82.18,82.650002,82.650002,984172
2025-11-13,PTC,177.009995,179.214996,174.589996,174.639999,174.639999,568267
2025-11-13,PSA,273.899994,277.230011,273.899994,276.200012,276.200012,421300
2025-11-13,PHM,119.260002,121.089996,119.022003,119.605003,119.605003,431273
2025-11-13,PWR,448.0,449.410004,426.705597,428.424988,428.424988,670597
2025-11-13,QCOM,176.630005,178.830002,173.535004,174.169998,174.169998,4730918
2025-11-13,DGX,185.600006,190.470001,184.5,189.410004,189.410004,732101
2025-11-13,Q,91.5,91.75,84.830002,85.785004,85.785004,2212335
2025-11-13,RL,338.730011,341.404999,331.609985,334.190002,334.190002,206343
2025-11-13,RJF,165.050003,166.229996,161.789993,162.005005,162.005005,377666
2025-11-13,RTX,178.630005,178.792007,174.149994,174.494995,174.494995,1535292
2025-11-13,O,56.959999,57.650002,56.91,56.990002,56.990002,3660934
2025-11-13,REG,69.639999,70.285004,69.639999,69.940002,69.940002,388350
2025-11-13,REGN,683.0,713.580017,679.929993,703.840027,703.840027,996540
2025-11-13,RF,25.26,25.4,25.1099,25.174999,25.174999,8611323
2025-11-13,RSG,205.050003,207.884995,204.910004,207.139999,207.139999,604828
2025-11-13,RMD,251.009995,255.100006,249.729996,254.0,254.0,456445
2025-11-13,RVTY,93.019997,95.764999,92.934998,94.480003,94.480003,477740
2025-11-13,HOOD,129.869995,130.149994,119.470001,120.449997,120.449997,25212399
2025-11-13,ROK,389.630005,393.0,378.429993,380.190002,380.190002,520454
2025-11-13,ROL,57.990002,58.43,57.209999,57.865002,57.865002,1703933
2025-11-13,ROP,453.470001,454.660004,449.839996,450.519989,450.519989,345441
2025-11-13,ROST,163.009995,163.330002,161.744995,162.035004,162.035004,930930
2025-11-13,RCL,263.820007,266.720001,256.295013,256.959991,256.959991,860005
2025-11-13,SPGI,491.640015,506.23999,491.640015,503.404999,503.404999,969494
2025-11-13,CRM,245.25,245.895004,240.005203,241.0,241.0,2912404
2025-11-13,SBAC,200.25,200.429993,196.100006,196.792999,196.792999,489955
2025-11-13,SLB,36.220001,36.935001,36.154999,36.384998,36.384998,5807022
2025-11-13,STX,272.6922,277.5,258.850006,262.059998,262.059998,3425547
2025-11-13,SRE,92.224998,93.610001,90.379997,92.830002,92.830002,2734529
2025-11-13,NOW,852.380005,862.999512,844.460022,845.969971,845.969971,799348
2025-11-13,SHW,342.019989,345.950012,340.980011,341.795013,341.795013,689855
2025-11-13,SPG,183.0,185.139999,182.835007,183.407501,183.407501,691061
2025-11-13,SWKS,69.410004,70.305,68.412399,68.745003,68.745003,966186
2025-11-13,SJM,110.050003,112.360001,110.080002,111.330002,111.330002,1155639
2025-11-13,SW,35.494999,35.779999,35.220001,35.32,35.32,2312267
2025-11-13,SNA,340.76001,343.795288,338.660004,339.029999,339.029999,108208
2025-11-13,SOLS,46.34,47.470001,46.035,46.084999,46.084999,1602430
2025-11-13,SOLV,73.510002,75.980003,73.050003,75.480003,75.480003,779633
2025-11-13,SO,92.0,92.379997,91.559998,92.199997,92.199997,2675156
2025-11-13,LUV,33.240002,33.799999,32.880001,33.169998,33.169998,3848398
2025-11-13,SWK,67.75,69.149902,67.519997,67.649498,67.649498,449015
2025-11-13,SBUX,86.745003,87.290001,86.220001,86.690002,86.690002,6012667
2025-11-13,STT,121.040001,121.635002,118.610001,118.621201,118.621201,513772
2025-11-13,STLD,158.0,158.845001,152.5401,152.699997,152.699997,604603
2025-11-13,STE,266.01001,268.019989,262.679993,263.190002,263.190002,300329
2025-11-13,SYK,364.799988,375.98999,364.799988,375.98999,375.98999,1181848
2025-11-13,SMCI,37.759998,37.790001,34.779999,34.950001,34.950001,25621258
2025-11-13,SYF,74.730003,75.459999,74.18,74.260002,74.260002,1855388
2025-11-13,SNPS,396.25,403.643494,392.410004,393.779999,393.779999,1223333
2025-11-13,SYY,75.370003,75.870003,75.0,75.379997,75.379997,1065931
2025-11-13,TMUS,212.410004,216.792694,211.610001,215.619995,215.619995,3019355
2025-11-13,TROW,104.510002,105.25,103.730003,104.040001,104.040001,456678
2025-11-13,TTWO,239.509995,242.070007,237.449997,238.139999,238.139999,608292
2025-11-13,TPR,103.830002,104.040001,100.0,100.330002,100.330002,1441251
2025-11-13,TRGP,171.619995,171.884995,169.0,169.259995,169.259995,512311
2025-11-13,TGT,91.809998,92.614998,91.227203,91.349998,91.349998,4011767
2025-11-13,TEL,244.259995,245.429901,235.75,236.509995,236.509995,996238
2025-11-13,TDY,518.950012,521.47998,505.809998,506.5,506.5,254022
2025-11-13,TER,176.270004,177.0,167.600006,169.0,169.0,2318635
2025-11-13,TSLA,423.174988,424.5,396.420105,398.861511,398.861511,87020631
2025-11-13,TXN,162.5,165.434998,162.5,163.074997,163.074997,3431417
2025-11-13,TPL,1000.0,1026.129883,999.390015,1001.849976,1001.849976,61473
2025-11-13,TXT,82.410004,83.120003,81.82,81.945,81.945,449839
2025-11-13,TMO,586.099976,598.515015,578.25,590.950012,590.950012,1446206
2025-11-13,TJX,146.970001,147.919998,146.380005,147.304993,147.304993,1921886
2025-11-13,TKO,181.380005,187.005005,179.699997,184.5,184.5,602558
2025-11-13,TTD,43.5,43.860001,42.490002,42.889999,42.889999,5524883
2025-11-13,TSCO,55.889999,56.939999,55.799999,56.235001,56.235001,1777546
2025-11-13,TT,430.720001,438.119995,416.420013,417.295013,417.295013,918359
2025-11-13,TDG,1322.530029,1357.949951,1318.185059,1341.700073,1341.700073,293449
2025-11-13,TRV,286.23999,290.61499,284.799988,288.065002,288.065002,861233
2025-11-13,TRMB,81.5,82.550003,78.040001,78.160004,78.160004,616133
2025-11-13,TFC,45.5,45.970001,45.439999,45.4743,45.4743,6691158
2025-11-13,TYL,465.049988,468.98999,463.005005,465.580811,465.580811,159215
2025-11-13,TSN,54.169998,55.169998,54.07,54.810001,54.810001,1314286
2025-11-13,USB,47.73,48.014999,47.360001,47.465,47.465,3121675
2025-11-13,UBER,93.699997,94.059998,91.529999,91.915001,91.915001,11080974
2025-11-13,UDR,34.779999,34.860001,34.34,34.584999,34.584999,2010569
2025-11-13,ULTA,537.179993,543.559998,531.869995,538.659973,538.659973,273179
2025-11-13,UNP,222.389999,223.619995,221.934998,222.490005,222.490005,1188153
2025-11-13,UAL,98.805,101.334999,97.190002,97.510002,97.510002,2848377
2025-11-13,UPS,96.099998,97.114998,96.099998,96.43,96.43,3486829
2025-11-13,URI,858.969971,865.994995,845.590027,850.195007,850.195007,220292
2025-11-13,UNH,338.350006,339.029999,331.290009,333.975006,333.975006,5400503
2025-11-13,UHS,228.350006,230.330002,224.020004,227.0,227.0,182645
2025-11-13,VLO,178.110001,179.539993,176.061005,176.404999,176.404999,1018652
2025-11-13,VTR,77.0,77.529999,76.639999,77.169998,77.169998,1247401
2025-11-13,VLTO,97.559998,99.25,97.010201,98.870003,98.870003,970572
2025-11-13,VRSN,250.820007,255.679993,250.350006,252.780106,252.780106,393673
2025-11-13,VRSK,212.639999,221.529999,211.050003,221.25,221.25,828104
2025-11-13,VZ,40.84,41.724998,40.740002,41.405499,41.405499,20306651
2025-11-13,VRTX,434.015015,441.170013,430.845001,434.869995,434.869995,784710
2025-11-13,VTRS,10.96,11.14,10.9537,10.99,10.99,2859819
2025-11-13,VICI,30.5,30.83,30.389999,30.615,30.615,3422690
2025-11-13,V,339.035004,341.459991,337.019989,338.850006,338.850006,2567820
2025-11-13,VST,176.910004,177.960007,170.520004,172.434998,172.434998,3427976
2025-11-13,VMC,295.369995,297.329987,288.109985,289.820007,289.820007,529782
2025-11-13,WRB,76.699997,77.394997,76.669998,77.224998,77.224998,1098673
2025-11-13,GWW,943.0,953.47998,943.150024,950.390015,950.390015,100338
2025-11-13,WAB,209.789993,210.585007,204.381302,205.550003,205.550003,509533
2025-11-13,WMT,103.589996,103.93,102.019997,102.339996,102.339996,10304208
2025-11-13,DIS,108.889999,109.360001,104.910004,107.415001,107.415001,33432895
2025-11-13,WBD,22.129999,22.490999,21.870001,22.021,22.021,17999269
2025-11-13,WM,204.0,207.440002,203.559998,206.550003,206.550003,1238754
2025-11-13,WAT,382.940002,390.579987,380.23999,385.660004,385.660004,244328
2025-11-13,WEC,111.970001,112.349998,111.105003,112.139999,112.139999,594412
2025-11-13,WFC,86.160004,86.889198,85.0802,85.394997,85.394997,8804907
2025-11-13,WELL,192.139999,192.607498,190.180206,190.544998,190.544998,1707954
2025-11-13,WST,269.559998,274.63501,268.720001,269.11499,269.11499,201338
2025-11-13,WDC,162.695007,164.882294,154.779999,156.919998,156.919998,7638411
2025-11-13,WY,22.370001,22.705,22.280001,22.594999,22.594999,2851893
2025-11-13,WSM,191.259995,194.490005,187.880005,188.279999,188.279999,301596
2025-11-13,WMB,60.669998,61.02,59.240002,59.325001,59.325001,4659585
2025-11-13,WTW,319.609985,323.690002,317.899994,322.390015,322.390015,384213
2025-11-13,WDAY,224.460007,227.059998,223.199997,224.190002,224.190002,1227831
2025-11-13,WYNN,124.57,125.730003,122.860001,124.330002,124.330002,511223
2025-11-13,XEL,80.720001,81.169998,80.5,81.019997,81.019997,2048571
2025-11-13,XYL,149.720001,150.509995,148.360001,148.809998,148.809998,604015
2025-11-13,YUM,150.350006,150.559998,149.029999,150.039993,150.039993,794384
2025-11-13,ZBRA,255.0,257.5,244.369995,244.910004,244.910004,440742
2025-11-13,ZBH,89.489998,91.080002,89.625,90.855003,90.855003,908726
2025-11-13,ZTS,121.080002,122.519997,120.760002,121.610001,121.610001,1874554
